review_id,split
hf-10000,test
hf-100005,validation
hf-100006,train
hf-100015,train
hf-10003,train
hf-100039,train
hf-100040,test
hf-100052,test
hf-100056,test
hf-100057,test
hf-100063,test
hf-10010,train
hf-100101,train
hf-100115,validation
hf-100116,validation
hf-100117,train
hf-100127,validation
hf-100131,train
hf-100139,train
hf-100148,train
hf-100165,train
hf-100170,train
hf-100171,validation
hf-100173,validation
hf-100175,train
hf-100196,train
hf-100239,validation
hf-100242,validation
hf-100249,train
hf-100251,test
hf-100253,train
hf-100279,train
hf-10029,validation
hf-100302,train
hf-100303,train
hf-100309,test
hf-100322,validation
hf-100323,validation
hf-100336,train
hf-100346,train
hf-10036,train
hf-100380,train
hf-10039,train
hf-100408,validation
hf-100422,train
hf-100431,test
hf-100440,train
hf-10045,train
hf-100457,train
hf-100467,test
hf-100477,train
hf-100483,test
hf-100487,train
hf-100504,train
hf-100510,train
hf-100529,validation
hf-100544,test
hf-100552,test
hf-100554,validation
hf-100558,test
hf-100565,train
hf-100575,validation
hf-100576,train
hf-100591,train
hf-100594,train
hf-100595,train
hf-100596,train
hf-100600,test
hf-100603,train
hf-100617,train
hf-100624,validation
hf-10063,validation
hf-10064,test
hf-100644,train
hf-100655,test
hf-10066,train
hf-100661,test
hf-100676,train
hf-100679,train
hf-100680,train
hf-100697,train
hf-100708,train
hf-100715,train
hf-100718,train
hf-10075,train
hf-100779,train
hf-100781,train
hf-100802,train
hf-100804,validation
hf-100806,train
hf-100812,train
hf-100814,test
hf-10082,test
hf-100821,train
hf-100824,train
hf-100846,train
hf-100857,validation
hf-100864,validation
hf-100877,test
hf-100882,train
hf-100891,train
hf-100895,test
hf-1009,test
hf-100900,train
hf-100915,test
hf-100917,validation
hf-100929,train
hf-100931,train
hf-100937,train
hf-100944,test
hf-100953,test
hf-100955,train
hf-100963,test
hf-100985,validation
hf-100986,train
hf-100999,train
hf-101,test
hf-101000,test
hf-101001,train
hf-101031,test
hf-101046,train
hf-10106,train
hf-101088,validation
hf-10109,train
hf-101092,validation
hf-101117,train
hf-101135,train
hf-101139,validation
hf-101142,test
hf-101143,test
hf-101148,train
hf-10116,train
hf-101173,train
hf-101175,train
hf-101176,train
hf-10118,train
hf-101181,train
hf-101187,train
hf-101190,train
hf-101193,validation
hf-101202,test
hf-101205,test
hf-10122,test
hf-101221,train
hf-101230,train
hf-101232,validation
hf-101260,train
hf-101303,validation
hf-101313,test
hf-101324,validation
hf-101339,train
hf-101367,train
hf-101385,train
hf-101387,train
hf-101389,train
hf-101397,train
hf-101404,test
hf-101407,train
hf-101420,validation
hf-10144,train
hf-101442,train
hf-101447,train
hf-101463,test
hf-101476,train
hf-101477,train
hf-101486,test
hf-101494,train
hf-101525,validation
hf-101535,train
hf-101544,test
hf-101549,train
hf-101554,train
hf-101556,validation
hf-101577,train
hf-101580,validation
hf-101594,train
hf-101598,test
hf-101614,test
hf-101619,train
hf-10163,train
hf-101630,train
hf-101636,train
hf-101643,validation
hf-101645,validation
hf-101671,train
hf-101673,validation
hf-101676,test
hf-10168,validation
hf-101688,validation
hf-101696,train
hf-1017,train
hf-101700,train
hf-10171,train
hf-101719,validation
hf-101720,train
hf-101725,train
hf-101726,test
hf-101737,train
hf-101738,train
hf-101745,train
hf-101772,train
hf-101780,train
hf-101783,validation
hf-101790,train
hf-101791,test
hf-101793,train
hf-101805,validation
hf-101807,train
hf-101809,validation
hf-101810,validation
hf-101823,train
hf-101832,validation
hf-101834,validation
hf-101855,train
hf-101856,test
hf-101860,train
hf-101872,train
hf-101885,train
hf-101887,test
hf-10189,test
hf-101921,train
hf-101932,test
hf-101936,train
hf-101938,train
hf-101939,train
hf-101941,train
hf-101943,train
hf-101953,train
hf-101956,train
hf-10196,train
hf-101971,validation
hf-101980,train
hf-101990,train
hf-101993,train
hf-101996,train
hf-102007,train
hf-10201,validation
hf-102017,train
hf-102022,train
hf-102029,test
hf-102051,train
hf-102054,train
hf-102060,train
hf-102076,validation
hf-102095,train
hf-102097,train
hf-10210,train
hf-102109,train
hf-102116,train
hf-102118,train
hf-102125,train
hf-102129,test
hf-10214,train
hf-102150,validation
hf-102160,train
hf-102166,train
hf-102169,test
hf-102198,validation
hf-102204,train
hf-102207,test
hf-102215,test
hf-102219,train
hf-102233,train
hf-102247,train
hf-102251,train
hf-102253,train
hf-102255,train
hf-102278,train
hf-102284,validation
hf-102290,test
hf-102307,validation
hf-102313,test
hf-102328,train
hf-102357,test
hf-102358,train
hf-102372,test
hf-102379,train
hf-102386,train
hf-102394,test
hf-102402,train
hf-102409,test
hf-102415,train
hf-102420,train
hf-102426,train
hf-102430,train
hf-102432,validation
hf-102437,test
hf-102452,train
hf-102457,validation
hf-102465,test
hf-102470,train
hf-102478,validation
hf-102481,validation
hf-102495,train
hf-102497,train
hf-102505,validation
hf-102509,train
hf-102526,train
hf-102539,test
hf-10256,test
hf-102563,test
hf-102565,validation
hf-102589,validation
hf-102597,train
hf-102598,train
hf-102608,validation
hf-102616,train
hf-102630,train
hf-102681,test
hf-1027,train
hf-102714,test
hf-102725,train
hf-102733,validation
hf-102737,validation
hf-102754,validation
hf-102760,train
hf-102762,validation
hf-102763,train
hf-102765,train
hf-102767,train
hf-102778,test
hf-102797,train
hf-102828,test
hf-102831,train
hf-102853,train
hf-102857,validation
hf-102867,train
hf-102873,train
hf-10288,train
hf-102888,test
hf-102891,train
hf-102897,validation
hf-102910,test
hf-102912,validation
hf-102914,train
hf-102932,test
hf-102935,train
hf-102949,validation
hf-102955,train
hf-10298,validation
hf-102981,validation
hf-102989,train
hf-102999,test
hf-10302,validation
hf-10305,validation
hf-103059,train
hf-10306,train
hf-103064,validation
hf-103067,train
hf-103080,train
hf-103086,train
hf-103087,train
hf-103090,train
hf-103094,test
hf-10312,validation
hf-103125,validation
hf-103127,train
hf-103139,test
hf-10314,train
hf-103160,validation
hf-103166,test
hf-103190,train
hf-103199,train
hf-1032,train
hf-103207,train
hf-103209,validation
hf-103223,train
hf-103232,train
hf-103237,train
hf-103239,train
hf-10324,test
hf-103245,train
hf-103252,train
hf-10326,test
hf-103270,train
hf-103272,validation
hf-103287,train
hf-103331,train
hf-10334,validation
hf-103348,train
hf-103363,validation
hf-103365,train
hf-103375,train
hf-103379,train
hf-103388,train
hf-103389,train
hf-103399,test
hf-10341,train
hf-103412,test
hf-103417,train
hf-103431,train
hf-103433,validation
hf-103436,train
hf-103444,train
hf-103448,train
hf-103451,test
hf-103530,train
hf-103538,test
hf-103547,train
hf-10356,train
hf-103563,train
hf-103574,train
hf-103575,train
hf-103585,validation
hf-1036,test
hf-103611,train
hf-103622,train
hf-103641,train
hf-103644,test
hf-10365,train
hf-103665,train
hf-103687,train
hf-103697,test
hf-103699,train
hf-103706,validation
hf-103711,test
hf-103719,train
hf-103725,train
hf-103742,train
hf-103746,train
hf-103750,train
hf-103756,train
hf-103760,train
hf-10377,validation
hf-10378,test
hf-103791,train
hf-103798,validation
hf-10383,test
hf-103852,train
hf-103853,validation
hf-103863,train
hf-103868,test
hf-103885,validation
hf-10389,test
hf-103905,train
hf-103907,validation
hf-103910,validation
hf-103926,train
hf-103937,test
hf-103940,train
hf-103954,validation
hf-103958,train
hf-103962,test
hf-103972,train
hf-10398,test
hf-103997,train
hf-1040,test
hf-104008,train
hf-104045,train
hf-104048,train
hf-104055,train
hf-104073,train
hf-104078,train
hf-104081,validation
hf-104084,train
hf-104097,validation
hf-104105,train
hf-104106,test
hf-104109,validation
hf-104113,validation
hf-104151,validation
hf-104158,validation
hf-104161,train
hf-104166,test
hf-104169,train
hf-104175,validation
hf-104190,test
hf-104197,test
hf-104207,train
hf-104220,train
hf-104228,validation
hf-104238,validation
hf-10424,train
hf-104243,train
hf-104256,test
hf-104284,test
hf-104292,test
hf-104301,train
hf-104315,validation
hf-104334,train
hf-104338,test
hf-104346,train
hf-104360,train
hf-104363,train
hf-104371,train
hf-104384,train
hf-104401,train
hf-104425,train
hf-10444,train
hf-104451,train
hf-104453,train
hf-104460,train
hf-10448,validation
hf-104482,test
hf-104487,train
hf-104495,train
hf-104499,validation
hf-1045,validation
hf-104522,test
hf-104528,train
hf-104530,validation
hf-104531,test
hf-104533,train
hf-104536,train
hf-104548,test
hf-104557,train
hf-104569,train
hf-104570,train
hf-104575,test
hf-104579,test
hf-104585,validation
hf-104586,train
hf-104596,train
hf-104608,test
hf-104624,train
hf-104639,validation
hf-104660,train
hf-104663,test
hf-104715,test
hf-10472,train
hf-104729,test
hf-104733,train
hf-10474,train
hf-10475,train
hf-104761,train
hf-104785,train
hf-10480,validation
hf-104812,validation
hf-104843,test
hf-104849,train
hf-104857,test
hf-104875,test
hf-104877,test
hf-104882,train
hf-104891,validation
hf-104919,train
hf-104927,test
hf-104931,train
hf-104955,train
hf-104973,train
hf-104994,test
hf-104997,validation
hf-105,train
hf-105028,train
hf-105061,test
hf-105067,validation
hf-10507,test
hf-105088,train
hf-105108,train
hf-105115,test
hf-105120,test
hf-105126,test
hf-105141,train
hf-105164,train
hf-105174,train
hf-105176,train
hf-105182,train
hf-105200,train
hf-105212,validation
hf-105216,test
hf-105236,train
hf-105254,train
hf-105263,test
hf-105264,train
hf-105266,validation
hf-105267,test
hf-105304,train
hf-105308,validation
hf-105325,validation
hf-105332,train
hf-105337,train
hf-105338,train
hf-105351,validation
hf-105366,train
hf-105375,test
hf-105378,train
hf-105398,train
hf-105419,test
hf-10542,train
hf-105421,train
hf-105428,train
hf-105437,train
hf-105471,validation
hf-105486,train
hf-105487,test
hf-105491,train
hf-105494,train
hf-105497,train
hf-105500,train
hf-105514,validation
hf-105517,train
hf-105527,test
hf-105541,validation
hf-105561,validation
hf-10557,train
hf-105578,train
hf-105613,train
hf-105631,test
hf-105640,train
hf-105652,train
hf-105658,test
hf-105668,validation
hf-105676,train
hf-105680,train
hf-105695,test
hf-105702,train
hf-105727,test
hf-105732,validation
hf-105740,train
hf-105745,train
hf-105756,train
hf-105792,train
hf-105793,train
hf-105794,validation
hf-105801,train
hf-105815,train
hf-105817,test
hf-105830,test
hf-10585,validation
hf-105862,test
hf-105863,validation
hf-105878,train
hf-1059,train
hf-105901,train
hf-105914,train
hf-10592,test
hf-105921,validation
hf-105927,validation
hf-105942,test
hf-105943,train
hf-105952,train
hf-105953,test
hf-105955,train
hf-105963,train
hf-105991,train
hf-105999,test
hf-106009,validation
hf-106012,train
hf-106020,train
hf-106026,train
hf-106030,train
hf-106049,train
hf-106052,train
hf-106071,validation
hf-106088,train
hf-106093,test
hf-106119,validation
hf-106126,train
hf-106137,train
hf-106143,train
hf-10616,train
hf-10617,test
hf-106181,train
hf-106189,test
hf-106192,test
hf-106203,train
hf-106231,train
hf-106233,train
hf-106237,train
hf-10624,validation
hf-106241,train
hf-106242,test
hf-10626,validation
hf-106270,validation
hf-106282,train
hf-106283,train
hf-106296,validation
hf-106305,test
hf-106315,train
hf-106322,validation
hf-106348,validation
hf-106352,train
hf-106355,train
hf-106371,train
hf-106376,train
hf-106389,train
hf-106392,train
hf-106399,train
hf-106405,train
hf-10641,train
hf-106417,train
hf-106427,train
hf-106429,train
hf-106433,train
hf-10645,train
hf-106480,train
hf-106481,test
hf-106484,train
hf-106485,train
hf-106509,train
hf-106511,validation
hf-106515,train
hf-106516,train
hf-10653,train
hf-106534,train
hf-106543,train
hf-106544,train
hf-10656,train
hf-10659,test
hf-106605,train
hf-106634,validation
hf-106636,test
hf-106657,train
hf-10666,train
hf-106664,train
hf-106667,test
hf-106669,train
hf-106672,test
hf-106677,test
hf-106679,test
hf-106710,train
hf-106712,validation
hf-106736,train
hf-106738,validation
hf-106741,train
hf-106766,validation
hf-106768,validation
hf-106790,train
hf-1068,train
hf-106807,train
hf-106817,train
hf-106818,train
hf-106831,train
hf-106832,train
hf-106852,train
hf-106856,train
hf-106871,test
hf-106877,validation
hf-106878,train
hf-106891,train
hf-106894,train
hf-1069,validation
hf-106926,test
hf-106975,train
hf-106977,test
hf-106990,train
hf-106996,train
hf-106998,train
hf-1070,validation
hf-10700,test
hf-107005,train
hf-107014,train
hf-107023,validation
hf-107025,train
hf-107055,test
hf-10706,test
hf-107073,train
hf-107074,test
hf-107078,train
hf-107081,train
hf-107091,train
hf-107099,train
hf-107106,validation
hf-107112,train
hf-107116,train
hf-107117,train
hf-107125,train
hf-107131,validation
hf-107133,validation
hf-107138,test
hf-107141,train
hf-107153,validation
hf-10717,train
hf-107172,validation
hf-10723,train
hf-107247,validation
hf-107254,test
hf-107255,validation
hf-107260,validation
hf-107262,train
hf-107267,validation
hf-107281,train
hf-107284,train
hf-107307,train
hf-107325,train
hf-107331,train
hf-107338,train
hf-107350,train
hf-107366,train
hf-107385,validation
hf-107394,test
hf-107410,test
hf-107420,train
hf-107434,train
hf-107443,test
hf-107453,train
hf-10746,train
hf-10748,train
hf-107493,validation
hf-107496,test
hf-10750,validation
hf-107515,validation
hf-10752,validation
hf-107535,train
hf-107548,train
hf-107575,train
hf-107586,train
hf-107594,train
hf-107596,train
hf-107628,train
hf-107630,train
hf-107634,test
hf-107636,train
hf-107647,train
hf-10766,test
hf-107665,validation
hf-107667,train
hf-10767,train
hf-107686,test
hf-107702,test
hf-107715,train
hf-107721,train
hf-107724,train
hf-107729,train
hf-107743,train
hf-107744,train
hf-107745,train
hf-107756,train
hf-107785,validation
hf-107789,test
hf-107807,validation
hf-107811,train
hf-107814,train
hf-107818,validation
hf-107825,train
hf-107857,train
hf-107861,validation
hf-107870,validation
hf-107876,train
hf-107901,test
hf-107902,train
hf-107910,test
hf-107917,train
hf-107921,train
hf-107930,train
hf-107940,test
hf-107946,train
hf-10795,train
hf-107965,train
hf-107973,train
hf-107980,train
hf-107985,train
hf-108001,test
hf-108020,validation
hf-108045,test
hf-108046,train
hf-10805,train
hf-108058,validation
hf-108063,train
hf-108077,train
hf-108087,train
hf-108113,test
hf-108122,test
hf-108125,validation
hf-108129,validation
hf-108135,test
hf-108142,test
hf-108144,test
hf-108147,train
hf-108169,test
hf-10817,test
hf-108173,test
hf-108195,validation
hf-108215,train
hf-108221,train
hf-108226,test
hf-108233,train
hf-10824,validation
hf-108245,train
hf-108274,validation
hf-108279,train
hf-10828,test
hf-108280,validation
hf-108281,train
hf-108283,validation
hf-108329,train
hf-108342,test
hf-108347,train
hf-108356,train
hf-108361,train
hf-108373,train
hf-108378,train
hf-108380,train
hf-108387,train
hf-108400,train
hf-108414,train
hf-108419,validation
hf-108426,train
hf-108431,validation
hf-108447,train
hf-10845,train
hf-108477,train
hf-108484,test
hf-108490,test
hf-108493,train
hf-108497,test
hf-108505,train
hf-108507,train
hf-108512,train
hf-108515,validation
hf-108517,train
hf-108527,train
hf-108537,train
hf-108548,test
hf-108553,train
hf-10859,train
hf-108594,test
hf-108602,train
hf-108623,train
hf-108628,train
hf-108629,test
hf-108635,train
hf-108636,train
hf-108652,validation
hf-108658,train
hf-108662,train
hf-108668,train
hf-108681,train
hf-108684,test
hf-108690,train
hf-108691,validation
hf-108704,test
hf-108712,train
hf-108726,train
hf-108728,test
hf-108730,test
hf-108743,train
hf-108754,validation
hf-108772,validation
hf-108774,train
hf-108775,train
hf-108777,validation
hf-108787,test
hf-108790,test
hf-108792,test
hf-108805,validation
hf-10884,train
hf-108848,test
hf-108877,test
hf-108891,train
hf-108897,test
hf-108911,train
hf-108912,validation
hf-108913,train
hf-108922,test
hf-108935,train
hf-10894,validation
hf-108942,test
hf-108961,validation
hf-108979,train
hf-10899,test
hf-108991,train
hf-108993,train
hf-109009,train
hf-10901,test
hf-109013,train
hf-109014,validation
hf-10902,test
hf-109025,train
hf-109028,train
hf-109030,test
hf-109052,test
hf-109062,test
hf-109088,train
hf-109089,validation
hf-109093,validation
hf-109124,train
hf-109134,train
hf-109137,train
hf-109140,test
hf-109153,train
hf-109172,train
hf-109174,train
hf-109185,validation
hf-109208,train
hf-10922,test
hf-109220,train
hf-109222,train
hf-109232,train
hf-109234,test
hf-109245,train
hf-109253,test
hf-109259,train
hf-109260,test
hf-109263,train
hf-109271,validation
hf-109280,train
hf-109281,train
hf-109285,validation
hf-10929,train
hf-109296,train
hf-109298,train
hf-10930,train
hf-109327,train
hf-109328,train
hf-109334,train
hf-109343,test
hf-109347,train
hf-109358,test
hf-10936,train
hf-109383,train
hf-109393,train
hf-109394,train
hf-109398,validation
hf-109402,validation
hf-109404,train
hf-109405,validation
hf-109409,train
hf-109435,test
hf-109437,train
hf-109451,train
hf-109454,train
hf-109467,test
hf-109470,train
hf-109480,train
hf-109504,test
hf-109548,train
hf-109569,train
hf-109587,test
hf-109590,train
hf-109597,train
hf-109598,train
hf-109605,train
hf-109613,test
hf-109618,validation
hf-109619,train
hf-10963,test
hf-109635,validation
hf-109639,test
hf-109648,validation
hf-109654,test
hf-109666,train
hf-109669,test
hf-109676,train
hf-109683,train
hf-109684,train
hf-109685,train
hf-109692,test
hf-109702,train
hf-109715,train
hf-109718,train
hf-109732,test
hf-109738,train
hf-109742,validation
hf-109748,test
hf-109777,test
hf-109789,train
hf-109794,test
hf-109798,train
hf-109805,train
hf-109808,train
hf-109811,train
hf-109841,train
hf-109846,train
hf-109849,train
hf-109853,train
hf-109854,train
hf-10986,test
hf-109896,train
hf-109906,train
hf-109909,test
hf-109920,test
hf-109923,train
hf-109924,train
hf-10993,train
hf-109938,validation
hf-109944,validation
hf-109954,train
hf-109961,validation
hf-109962,validation
hf-109982,validation
hf-109992,train
hf-109993,test
hf-110000,validation
hf-110037,validation
hf-110046,validation
hf-110067,test
hf-110068,train
hf-110097,validation
hf-110099,train
hf-1101,test
hf-11010,train
hf-110110,train
hf-110117,train
hf-110125,validation
hf-11014,validation
hf-110166,train
hf-110180,train
hf-110183,train
hf-110195,train
hf-110223,train
hf-110229,train
hf-110252,test
hf-110255,train
hf-11026,test
hf-110265,train
hf-110298,test
hf-110299,train
hf-11031,train
hf-110310,train
hf-110321,validation
hf-110322,test
hf-11033,test
hf-110337,train
hf-110340,validation
hf-110346,train
hf-11035,train
hf-110352,train
hf-11037,train
hf-11039,test
hf-110395,validation
hf-11043,train
hf-110431,test
hf-110443,test
hf-110445,validation
hf-110462,test
hf-110467,validation
hf-11047,train
hf-110473,train
hf-110477,train
hf-110478,validation
hf-110487,train
hf-110488,test
hf-110489,train
hf-110497,validation
hf-110514,train
hf-11052,train
hf-110527,test
hf-110551,train
hf-110554,train
hf-110563,train
hf-110564,validation
hf-110570,test
hf-110583,validation
hf-110586,test
hf-110587,train
hf-110619,test
hf-11062,validation
hf-11063,validation
hf-110641,test
hf-110646,test
hf-110654,train
hf-110661,test
hf-11071,train
hf-110715,test
hf-110729,train
hf-110742,test
hf-110760,test
hf-110782,train
hf-110784,train
hf-110796,validation
hf-110798,train
hf-1108,test
hf-110807,train
hf-110809,train
hf-11081,validation
hf-110811,test
hf-110812,test
hf-110819,test
hf-110821,train
hf-110831,train
hf-110837,train
hf-110892,train
hf-110897,train
hf-110923,train
hf-110925,train
hf-110927,train
hf-110937,train
hf-11096,train
hf-110965,train
hf-11098,train
hf-110996,train
hf-111000,train
hf-111013,test
hf-111025,train
hf-111026,test
hf-111040,test
hf-111045,train
hf-111052,validation
hf-111058,train
hf-111072,validation
hf-11108,train
hf-111085,test
hf-111097,test
hf-111104,validation
hf-111105,test
hf-111108,train
hf-111122,train
hf-111138,train
hf-111143,train
hf-111149,train
hf-111160,train
hf-111169,test
hf-111180,train
hf-111195,train
hf-111211,train
hf-111221,train
hf-111224,test
hf-111237,validation
hf-111238,train
hf-111242,test
hf-111243,validation
hf-111247,train
hf-111251,validation
hf-111256,train
hf-111257,test
hf-111272,train
hf-111273,train
hf-111279,test
hf-111281,validation
hf-11129,validation
hf-111297,train
hf-111308,train
hf-111331,train
hf-111333,train
hf-111344,validation
hf-111348,train
hf-111356,test
hf-111357,test
hf-111394,test
hf-111399,train
hf-111404,train
hf-111424,train
hf-111438,train
hf-111451,train
hf-111455,validation
hf-111458,validation
hf-111466,train
hf-111482,test
hf-111485,train
hf-111496,validation
hf-111516,train
hf-11152,validation
hf-111520,train
hf-11153,train
hf-111537,train
hf-111538,train
hf-111549,validation
hf-111552,validation
hf-111565,train
hf-111566,validation
hf-111581,test
hf-111589,test
hf-111590,test
hf-111630,train
hf-111633,train
hf-111637,test
hf-111641,validation
hf-111656,test
hf-111662,validation
hf-111676,train
hf-111679,train
hf-111697,train
hf-111741,train
hf-111743,test
hf-111744,train
hf-111745,train
hf-111754,train
hf-111772,test
hf-111776,train
hf-111793,validation
hf-111794,test
hf-111808,train
hf-111824,validation
hf-111833,train
hf-111850,train
hf-111853,test
hf-111863,train
hf-111875,test
hf-111910,train
hf-111915,test
hf-111924,train
hf-111933,train
hf-111936,validation
hf-111948,train
hf-111960,train
hf-111987,train
hf-11199,train
hf-111994,train
hf-11200,validation
hf-112006,validation
hf-11201,train
hf-112012,test
hf-112029,train
hf-11206,train
hf-112066,train
hf-112073,train
hf-112086,test
hf-112088,test
hf-112089,validation
hf-112113,train
hf-112117,validation
hf-112120,test
hf-112122,test
hf-112123,train
hf-112131,train
hf-112133,test
hf-112150,train
hf-112153,train
hf-112164,test
hf-112186,train
hf-112198,validation
hf-1122,train
hf-112205,test
hf-112217,validation
hf-112242,train
hf-112249,test
hf-112253,train
hf-112289,validation
hf-112292,train
hf-112295,train
hf-112324,validation
hf-112336,train
hf-112354,train
hf-112362,train
hf-112367,train
hf-112384,test
hf-112391,train
hf-112405,train
hf-112427,validation
hf-112435,train
hf-112445,test
hf-112456,test
hf-112480,test
hf-112485,test
hf-112487,train
hf-11250,test
hf-112501,validation
hf-112512,train
hf-112514,train
hf-112528,train
hf-112531,train
hf-112533,train
hf-112537,validation
hf-112550,train
hf-112557,train
hf-112566,train
hf-112584,validation
hf-1126,train
hf-112607,validation
hf-112609,train
hf-112612,test
hf-112618,validation
hf-112629,train
hf-112634,validation
hf-112635,train
hf-112649,train
hf-112664,validation
hf-112679,train
hf-112682,train
hf-11269,train
hf-112695,train
hf-112704,train
hf-112711,train
hf-112718,validation
hf-112731,train
hf-112738,validation
hf-112745,train
hf-112749,train
hf-112772,test
hf-112774,train
hf-112796,test
hf-112800,train
hf-112806,validation
hf-112839,train
hf-112847,test
hf-112853,validation
hf-11286,train
hf-112864,validation
hf-112882,train
hf-112887,train
hf-112896,train
hf-112909,train
hf-112935,validation
hf-112938,train
hf-112953,train
hf-112955,train
hf-112965,validation
hf-112971,test
hf-112973,test
hf-112987,train
hf-112996,train
hf-112997,train
hf-113002,train
hf-113014,train
hf-113025,validation
hf-113040,train
hf-113062,test
hf-113064,test
hf-113067,train
hf-113068,train
hf-113069,validation
hf-113074,train
hf-113087,validation
hf-113116,test
hf-113123,train
hf-113125,train
hf-113132,train
hf-113138,train
hf-113150,train
hf-113161,train
hf-113164,train
hf-113169,train
hf-11318,train
hf-113183,train
hf-113186,train
hf-113187,validation
hf-113223,test
hf-113230,train
hf-113232,validation
hf-113237,train
hf-113238,test
hf-113267,train
hf-113280,train
hf-113286,train
hf-11331,train
hf-113315,train
hf-11333,test
hf-11334,train
hf-113344,train
hf-113346,validation
hf-113349,train
hf-113355,validation
hf-113368,train
hf-113381,test
hf-113396,train
hf-113404,test
hf-113421,train
hf-113441,train
hf-113445,train
hf-113446,validation
hf-113455,validation
hf-113473,test
hf-113474,validation
hf-113476,test
hf-113478,validation
hf-11348,train
hf-113486,train
hf-113498,validation
hf-113512,train
hf-113535,train
hf-113537,test
hf-113538,train
hf-113557,validation
hf-113560,train
hf-113575,test
hf-113578,test
hf-11359,validation
hf-113596,test
hf-113603,train
hf-11361,test
hf-11362,train
hf-113627,test
hf-113644,train
hf-113654,validation
hf-113661,validation
hf-113696,train
hf-113698,train
hf-1137,train
hf-113702,train
hf-113717,train
hf-11372,train
hf-113725,train
hf-113739,train
hf-11374,train
hf-113741,validation
hf-11375,train
hf-113758,test
hf-113810,train
hf-113837,train
hf-113849,validation
hf-113913,train
hf-113926,train
hf-113947,train
hf-113958,train
hf-113971,test
hf-113980,validation
hf-113989,train
hf-113991,test
hf-114002,train
hf-114022,train
hf-114023,train
hf-114033,train
hf-114041,train
hf-114053,train
hf-114057,train
hf-114064,train
hf-114071,validation
hf-114088,validation
hf-114107,train
hf-114115,train
hf-114124,train
hf-114128,train
hf-114145,train
hf-114149,train
hf-114150,train
hf-114155,validation
hf-114158,train
hf-11417,train
hf-114172,train
hf-114173,validation
hf-11419,train
hf-114196,train
hf-114197,train
hf-114204,train
hf-114229,train
hf-114239,train
hf-114241,validation
hf-114245,train
hf-114253,train
hf-114254,test
hf-114256,validation
hf-114265,train
hf-114270,train
hf-114278,train
hf-114280,validation
hf-114306,train
hf-114315,train
hf-114321,train
hf-114333,train
hf-114355,train
hf-114369,train
hf-114385,validation
hf-114397,train
hf-114404,train
hf-114407,train
hf-114409,train
hf-114410,train
hf-114412,validation
hf-114432,test
hf-114437,test
hf-114441,validation
hf-114447,validation
hf-114449,validation
hf-114450,validation
hf-114473,validation
hf-114484,test
hf-114489,train
hf-114495,train
hf-114499,test
hf-114514,train
hf-114515,train
hf-114526,train
hf-114527,test
hf-114535,validation
hf-114538,validation
hf-114546,test
hf-114557,test
hf-114570,validation
hf-114584,train
hf-114592,test
hf-114594,train
hf-114597,train
hf-114600,train
hf-114604,train
hf-114608,train
hf-114616,train
hf-114617,train
hf-114623,test
hf-114631,train
hf-114639,test
hf-114641,train
hf-114647,train
hf-114682,validation
hf-114686,train
hf-114698,test
hf-114702,train
hf-114707,test
hf-11471,test
hf-114714,train
hf-114715,test
hf-114719,train
hf-114721,test
hf-114733,train
hf-114734,train
hf-114737,test
hf-11475,train
hf-11476,test
hf-114766,train
hf-11479,train
hf-114797,train
hf-114807,train
hf-114809,validation
hf-114826,validation
hf-11483,train
hf-114830,train
hf-114856,train
hf-114874,train
hf-114875,train
hf-114879,train
hf-114885,train
hf-114913,test
hf-114917,validation
hf-114924,validation
hf-114928,train
hf-114932,train
hf-114957,train
hf-114959,train
hf-114960,validation
hf-114963,train
hf-114971,validation
hf-114974,train
hf-114981,train
hf-114983,train
hf-114984,validation
hf-114993,train
hf-115031,train
hf-11505,train
hf-115090,validation
hf-115098,validation
hf-115109,validation
hf-115112,validation
hf-115117,train
hf-11512,train
hf-115120,train
hf-115123,train
hf-11513,train
hf-115144,test
hf-11515,validation
hf-11518,train
hf-115183,train
hf-115196,train
hf-115206,validation
hf-115219,test
hf-115224,validation
hf-115248,test
hf-115252,validation
hf-115253,validation
hf-115263,validation
hf-115269,train
hf-115276,test
hf-115316,test
hf-115320,train
hf-115324,test
hf-115326,test
hf-11533,test
hf-115340,train
hf-115341,test
hf-115357,test
hf-115362,train
hf-115373,train
hf-115380,train
hf-115390,train
hf-115395,test
hf-11540,validation
hf-11541,test
hf-115420,train
hf-115440,train
hf-115455,validation
hf-115473,test
hf-115478,validation
hf-115488,test
hf-115491,train
hf-115503,train
hf-115509,train
hf-115519,train
hf-115523,validation
hf-115535,train
hf-115555,test
hf-115563,validation
hf-115565,validation
hf-115571,test
hf-115575,validation
hf-115576,train
hf-115586,train
hf-115587,test
hf-1156,test
hf-115602,train
hf-115618,train
hf-11562,test
hf-115623,train
hf-115634,train
hf-115635,train
hf-115642,train
hf-115643,train
hf-115650,test
hf-115656,validation
hf-115657,train
hf-115668,train
hf-115686,validation
hf-115690,train
hf-115692,train
hf-115718,train
hf-11572,test
hf-115725,train
hf-115733,train
hf-115735,train
hf-115757,train
hf-115762,train
hf-115768,validation
hf-115795,train
hf-115810,validation
hf-115821,train
hf-115823,train
hf-115842,train
hf-115843,train
hf-115847,validation
hf-115854,test
hf-115861,train
hf-115866,test
hf-11587,test
hf-115888,test
hf-115893,validation
hf-115898,train
hf-115914,test
hf-115917,train
hf-115918,train
hf-115919,test
hf-115928,test
hf-115944,train
hf-115957,train
hf-11597,train
hf-115975,train
hf-115979,train
hf-115990,train
hf-116011,train
hf-116020,train
hf-116023,train
hf-116026,train
hf-116031,train
hf-116045,train
hf-116064,train
hf-11607,train
hf-116070,validation
hf-116079,train
hf-116087,train
hf-116099,validation
hf-116126,train
hf-116138,train
hf-116150,train
hf-116163,validation
hf-116174,train
hf-116175,train
hf-116180,train
hf-116185,test
hf-116199,test
hf-116206,train
hf-116208,train
hf-116214,train
hf-116225,train
hf-116233,train
hf-116241,train
hf-116257,test
hf-116288,validation
hf-116290,train
hf-11630,train
hf-116304,train
hf-116307,train
hf-116310,test
hf-116313,train
hf-116325,train
hf-116331,train
hf-116338,validation
hf-116341,test
hf-116344,train
hf-116355,test
hf-116367,validation
hf-116373,train
hf-116375,train
hf-11638,test
hf-116384,train
hf-116393,train
hf-116405,train
hf-116411,test
hf-116421,train
hf-116425,train
hf-116443,validation
hf-116461,train
hf-116481,train
hf-116484,train
hf-116486,train
hf-116492,train
hf-11650,validation
hf-116500,train
hf-116501,test
hf-116516,train
hf-116528,train
hf-116536,train
hf-116550,test
hf-116561,validation
hf-116570,train
hf-116580,train
hf-116589,train
hf-116595,validation
hf-116603,train
hf-116605,train
hf-116607,train
hf-11661,test
hf-116612,train
hf-116635,test
hf-116644,test
hf-116646,test
hf-116664,train
hf-116673,train
hf-116675,train
hf-116676,train
hf-11668,train
hf-116691,train
hf-116692,train
hf-116699,test
hf-116710,train
hf-116719,train
hf-11673,train
hf-116746,validation
hf-116778,test
hf-116784,train
hf-116795,validation
hf-116798,train
hf-116801,train
hf-116824,train
hf-116829,test
hf-11686,train
hf-116866,test
hf-116874,train
hf-116928,test
hf-116935,validation
hf-116947,train
hf-116950,train
hf-116953,validation
hf-116961,test
hf-11697,train
hf-116979,test
hf-116988,train
hf-11699,validation
hf-117003,train
hf-117004,train
hf-117009,validation
hf-117027,validation
hf-117043,test
hf-117044,train
hf-117045,train
hf-117049,train
hf-117055,test
hf-117089,test
hf-117091,train
hf-117114,train
hf-117125,train
hf-11713,validation
hf-117139,train
hf-117146,validation
hf-117160,test
hf-117166,train
hf-117173,train
hf-117200,test
hf-117207,train
hf-117218,train
hf-117222,validation
hf-117226,train
hf-11723,train
hf-117230,test
hf-117238,train
hf-117243,train
hf-117246,test
hf-117260,train
hf-117264,train
hf-11727,train
hf-117278,train
hf-117279,train
hf-117295,test
hf-117309,train
hf-117312,train
hf-11733,test
hf-117332,train
hf-117334,train
hf-117363,train
hf-117379,train
hf-11738,validation
hf-117400,train
hf-117408,validation
hf-117416,validation
hf-117425,train
hf-117440,test
hf-117444,train
hf-117447,train
hf-11746,train
hf-117470,train
hf-117481,validation
hf-117494,test
hf-11751,test
hf-117527,train
hf-117538,train
hf-117543,train
hf-117545,train
hf-117550,train
hf-117580,train
hf-117588,validation
hf-117611,train
hf-117616,train
hf-117621,train
hf-117635,train
hf-117647,train
hf-117654,validation
hf-117663,train
hf-117665,validation
hf-117673,train
hf-117677,train
hf-117678,train
hf-117700,train
hf-117709,test
hf-117711,train
hf-117725,train
hf-117730,test
hf-117738,train
hf-117748,test
hf-117757,train
hf-117760,test
hf-117765,train
hf-11777,validation
hf-117772,train
hf-117780,test
hf-117782,test
hf-117789,test
hf-117816,train
hf-117824,train
hf-117826,train
hf-117828,validation
hf-117839,train
hf-117855,test
hf-117868,validation
hf-117877,train
hf-117898,train
hf-11791,validation
hf-117910,train
hf-117920,train
hf-117940,validation
hf-11795,validation
hf-117965,validation
hf-117969,train
hf-117985,validation
hf-117989,test
hf-118001,train
hf-118013,train
hf-118023,test
hf-118040,train
hf-118069,train
hf-118077,test
hf-118082,test
hf-118089,test
hf-118094,test
hf-118099,train
hf-118114,train
hf-118116,train
hf-118134,train
hf-11815,train
hf-118153,test
hf-118159,train
hf-118169,train
hf-118174,test
hf-118201,validation
hf-118205,test
hf-118222,validation
hf-118259,test
hf-118273,train
hf-11828,train
hf-1183,train
hf-118304,train
hf-118308,validation
hf-118311,test
hf-118314,validation
hf-118317,train
hf-118351,test
hf-118357,test
hf-118363,validation
hf-118367,test
hf-118380,validation
hf-118393,validation
hf-11840,validation
hf-118409,validation
hf-11842,train
hf-118426,validation
hf-118436,train
hf-118443,train
hf-118451,validation
hf-118455,train
hf-118466,train
hf-118467,train
hf-118473,train
hf-118488,test
hf-11849,test
hf-118493,validation
hf-1185,train
hf-118500,validation
hf-118516,test
hf-118517,train
hf-118520,train
hf-118530,train
hf-118533,train
hf-118536,validation
hf-118547,test
hf-118552,test
hf-118563,test
hf-118565,test
hf-118575,validation
hf-11858,validation
hf-118597,test
hf-118598,validation
hf-118614,test
hf-118621,train
hf-118628,train
hf-118635,train
hf-11864,train
hf-118658,validation
hf-118660,train
hf-118685,train
hf-118724,train
hf-118727,train
hf-11873,train
hf-118740,train
hf-118745,train
hf-118752,train
hf-118760,validation
hf-118773,test
hf-118775,validation
hf-11880,validation
hf-118809,train
hf-118810,validation
hf-118818,validation
hf-118826,test
hf-118834,validation
hf-118847,test
hf-11885,train
hf-11886,train
hf-118860,validation
hf-118864,train
hf-118866,train
hf-118869,train
hf-118883,train
hf-118884,test
hf-118887,train
hf-118892,train
hf-118900,validation
hf-118926,train
hf-11893,test
hf-118940,train
hf-118950,train
hf-118955,train
hf-118961,test
hf-118978,validation
hf-118985,train
hf-118997,train
hf-119003,validation
hf-119015,test
hf-119019,train
hf-119020,train
hf-119024,train
hf-119025,validation
hf-119031,validation
hf-119046,train
hf-11906,train
hf-119061,train
hf-119066,train
hf-119068,validation
hf-119069,train
hf-119080,test
hf-119085,test
hf-119093,train
hf-119112,train
hf-119122,test
hf-119129,validation
hf-119131,train
hf-119137,validation
hf-11914,validation
hf-119156,validation
hf-119163,validation
hf-119168,test
hf-119174,validation
hf-11918,train
hf-119192,validation
hf-119207,train
hf-119223,validation
hf-119230,validation
hf-119244,train
hf-119245,test
hf-119251,train
hf-119260,validation
hf-119261,train
hf-119277,train
hf-119296,validation
hf-119298,test
hf-119301,train
hf-119316,train
hf-119317,test
hf-11932,validation
hf-119326,test
hf-119330,train
hf-119338,train
hf-11934,train
hf-11935,train
hf-11936,train
hf-119370,train
hf-119374,train
hf-119376,train
hf-119378,validation
hf-119405,validation
hf-119421,train
hf-119434,validation
hf-119438,validation
hf-119442,validation
hf-119464,train
hf-119477,train
hf-119494,train
hf-119502,train
hf-119503,train
hf-119518,train
hf-119519,train
hf-119524,train
hf-119535,train
hf-119540,train
hf-119543,train
hf-119554,validation
hf-119564,train
hf-119578,train
hf-119585,test
hf-11960,train
hf-119627,train
hf-119630,validation
hf-11964,train
hf-119652,train
hf-119675,train
hf-119677,validation
hf-119695,test
hf-1197,train
hf-119710,validation
hf-119714,train
hf-119719,train
hf-119724,validation
hf-119725,train
hf-11976,train
hf-119761,validation
hf-119763,validation
hf-119785,train
hf-119814,train
hf-119839,train
hf-119841,test
hf-119844,train
hf-119845,train
hf-119851,validation
hf-11987,train
hf-119871,test
hf-119879,train
hf-119880,test
hf-119883,train
hf-119884,train
hf-119889,test
hf-119898,train
hf-1199,validation
hf-119914,validation
hf-119922,train
hf-119924,test
hf-119937,train
hf-119939,validation
hf-119944,train
hf-119948,train
hf-119954,train
hf-119964,validation
hf-119967,test
hf-119974,train
hf-119986,validation
hf-119987,train
hf-12,train
hf-120014,train
hf-120023,test
hf-12007,validation
hf-120087,train
hf-1201,test
hf-120112,validation
hf-120115,test
hf-120117,test
hf-120118,train
hf-120120,test
hf-120124,train
hf-120136,train
hf-120137,train
hf-120147,test
hf-120162,test
hf-120172,train
hf-120179,train
hf-120217,train
hf-120219,train
hf-120224,test
hf-120225,test
hf-120226,test
hf-120267,train
hf-120300,train
hf-120305,train
hf-120306,test
hf-120314,train
hf-120322,train
hf-120331,train
hf-120342,test
hf-120345,test
hf-120347,test
hf-12035,train
hf-12036,train
hf-120361,train
hf-120392,validation
hf-120402,test
hf-120404,validation
hf-12041,test
hf-120413,train
hf-120425,train
hf-120430,train
hf-120441,train
hf-120444,train
hf-120462,train
hf-12047,train
hf-120503,test
hf-12053,validation
hf-120538,train
hf-120541,validation
hf-120544,train
hf-120557,train
hf-120559,train
hf-120561,test
hf-120574,train
hf-120591,validation
hf-120596,validation
hf-120600,train
hf-120612,train
hf-120613,train
hf-120622,train
hf-120633,train
hf-120639,validation
hf-12068,train
hf-120689,train
hf-120694,train
hf-120695,validation
hf-120699,train
hf-12070,train
hf-120700,test
hf-120701,train
hf-12072,train
hf-120721,train
hf-120730,train
hf-120749,train
hf-12075,train
hf-120760,train
hf-120772,train
hf-120786,validation
hf-12080,validation
hf-120809,train
hf-120813,train
hf-120845,train
hf-120855,train
hf-120867,validation
hf-120869,train
hf-120876,train
hf-120885,train
hf-120891,train
hf-120893,train
hf-120931,train
hf-120935,train
hf-120961,train
hf-120969,train
hf-120970,train
hf-120981,validation
hf-120992,train
hf-120997,train
hf-121,train
hf-121005,train
hf-121013,train
hf-121015,validation
hf-121032,train
hf-121049,train
hf-121051,test
hf-121059,train
hf-121069,train
hf-121089,train
hf-121099,train
hf-121124,train
hf-121125,train
hf-121130,train
hf-121133,validation
hf-121155,train
hf-121198,train
hf-121205,test
hf-12123,train
hf-121247,train
hf-12125,train
hf-121266,train
hf-121294,validation
hf-121304,train
hf-121305,train
hf-121339,validation
hf-121372,train
hf-121373,train
hf-121380,train
hf-12139,train
hf-121390,test
hf-121401,train
hf-121408,test
hf-121417,validation
hf-12142,validation
hf-121422,validation
hf-121437,validation
hf-12145,train
hf-121458,validation
hf-121489,train
hf-121503,validation
hf-121517,test
hf-121520,test
hf-121533,validation
hf-121535,train
hf-12156,train
hf-121570,test
hf-121589,validation
hf-12162,train
hf-121631,test
hf-121632,train
hf-121633,test
hf-121636,train
hf-121642,train
hf-121679,train
hf-12169,train
hf-121690,validation
hf-121702,train
hf-121714,validation
hf-12172,train
hf-121751,test
hf-121764,validation
hf-12178,train
hf-121780,validation
hf-12180,train
hf-121815,train
hf-12184,train
hf-121851,train
hf-121863,test
hf-121882,train
hf-12189,train
hf-121895,train
hf-121914,train
hf-121915,validation
hf-121929,validation
hf-121935,train
hf-121937,validation
hf-121945,validation
hf-121958,train
hf-12196,train
hf-121972,train
hf-121973,test
hf-121980,train
hf-121987,train
hf-121992,train
hf-122003,train
hf-122009,test
hf-122020,validation
hf-122027,train
hf-122037,test
hf-122047,train
hf-122073,test
hf-122091,train
hf-122106,test
hf-122130,train
hf-122141,train
hf-122148,test
hf-122164,train
hf-122166,train
hf-12217,test
hf-122170,test
hf-122179,validation
hf-122180,train
hf-122199,train
hf-122203,train
hf-122205,test
hf-122219,train
hf-122222,validation
hf-122225,train
hf-122244,train
hf-122246,validation
hf-122248,train
hf-122287,test
hf-122290,validation
hf-122294,train
hf-122296,validation
hf-122303,test
hf-122313,validation
hf-122323,train
hf-122335,train
hf-122341,test
hf-122383,train
hf-122384,validation
hf-1224,train
hf-122401,train
hf-122411,train
hf-122417,train
hf-122426,test
hf-122435,train
hf-122440,validation
hf-122443,train
hf-12245,test
hf-122455,train
hf-12246,train
hf-122461,train
hf-122466,train
hf-122475,train
hf-122478,train
hf-122482,train
hf-122496,train
hf-122497,train
hf-122526,train
hf-12253,train
hf-122530,train
hf-122531,train
hf-122532,validation
hf-122535,train
hf-12254,train
hf-122546,train
hf-122556,train
hf-122564,train
hf-122570,test
hf-122579,train
hf-122595,validation
hf-122607,train
hf-122609,validation
hf-122620,train
hf-122635,train
hf-122640,test
hf-122647,train
hf-122650,train
hf-122653,train
hf-122659,test
hf-122670,train
hf-122671,train
hf-122679,train
hf-122686,validation
hf-12270,validation
hf-122705,train
hf-122717,test
hf-12272,train
hf-122738,test
hf-122746,train
hf-122747,train
hf-122756,validation
hf-122760,train
hf-122765,validation
hf-122801,validation
hf-122819,validation
hf-12283,train
hf-122837,validation
hf-122848,train
hf-122854,validation
hf-122859,test
hf-122869,test
hf-122894,test
hf-12290,train
hf-122901,train
hf-122906,train
hf-122908,test
hf-122909,train
hf-122911,train
hf-122914,train
hf-122917,train
hf-122924,test
hf-122933,train
hf-122939,validation
hf-122956,train
hf-122958,train
hf-122959,train
hf-122967,test
hf-122969,test
hf-122977,train
hf-122982,train
hf-122986,train
hf-123000,validation
hf-123003,test
hf-123004,train
hf-123024,train
hf-123029,validation
hf-123031,train
hf-123037,test
hf-123054,train
hf-123069,train
hf-123070,train
hf-123078,test
hf-123082,test
hf-123097,validation
hf-123117,train
hf-123120,validation
hf-123153,validation
hf-123182,train
hf-123198,train
hf-12321,train
hf-123222,train
hf-123237,train
hf-123240,validation
hf-12325,train
hf-123255,test
hf-123260,test
hf-123264,validation
hf-123280,train
hf-12329,test
hf-12330,train
hf-123323,validation
hf-123325,train
hf-123326,validation
hf-123362,train
hf-123364,train
hf-123382,train
hf-123388,train
hf-12339,test
hf-123391,test
hf-123394,validation
hf-123399,validation
hf-123404,validation
hf-123426,train
hf-123468,train
hf-12347,train
hf-123473,test
hf-123492,train
hf-123495,train
hf-123497,train
hf-12350,train
hf-123505,train
hf-123516,test
hf-123528,validation
hf-123535,test
hf-123543,train
hf-123548,validation
hf-123553,train
hf-123558,train
hf-12357,validation
hf-123581,train
hf-123589,validation
hf-123592,train
hf-12361,train
hf-123610,train
hf-123627,train
hf-123630,train
hf-123635,train
hf-123644,train
hf-123651,test
hf-123665,train
hf-123666,train
hf-123677,test
hf-123685,test
hf-123707,test
hf-123712,validation
hf-123721,train
hf-123724,train
hf-123753,test
hf-123789,test
hf-123793,train
hf-123803,train
hf-123815,test
hf-123817,train
hf-123832,train
hf-123869,train
hf-123881,test
hf-123898,train
hf-1239,validation
hf-123902,test
hf-123915,train
hf-123919,train
hf-12393,validation
hf-123935,validation
hf-123959,validation
hf-123962,test
hf-123965,validation
hf-123984,test
hf-123989,validation
hf-123997,train
hf-124,validation
hf-124001,validation
hf-124026,test
hf-124030,train
hf-124075,train
hf-12408,train
hf-124081,test
hf-124095,train
hf-124105,test
hf-124106,train
hf-124110,train
hf-124111,validation
hf-12412,train
hf-124131,test
hf-124142,train
hf-124146,train
hf-12415,train
hf-124151,train
hf-124179,test
hf-124222,validation
hf-124227,train
hf-124236,validation
hf-124246,test
hf-124249,train
hf-124261,train
hf-124276,train
hf-124278,train
hf-124279,train
hf-124303,train
hf-124304,test
hf-124317,train
hf-124320,train
hf-124321,train
hf-124339,train
hf-124357,train
hf-124359,train
hf-124383,test
hf-124386,validation
hf-124387,train
hf-124393,train
hf-124402,train
hf-124404,test
hf-124423,train
hf-124424,validation
hf-124440,train
hf-124464,test
hf-124466,train
hf-124475,train
hf-124480,train
hf-124488,test
hf-124494,train
hf-124504,validation
hf-124530,train
hf-124538,train
hf-124559,test
hf-124565,train
hf-124589,train
hf-124604,validation
hf-124613,train
hf-124616,train
hf-124621,train
hf-124623,test
hf-124624,train
hf-124626,test
hf-124628,validation
hf-124631,train
hf-124650,validation
hf-124671,train
hf-124711,test
hf-124713,train
hf-124715,validation
hf-124728,train
hf-12474,train
hf-124740,validation
hf-124741,train
hf-124744,validation
hf-124747,validation
hf-124748,train
hf-124757,train
hf-124759,test
hf-124761,validation
hf-124780,test
hf-12479,train
hf-12482,train
hf-124843,train
hf-124849,validation
hf-124871,train
hf-124879,train
hf-124884,test
hf-124887,train
hf-124895,train
hf-124909,validation
hf-124916,test
hf-124923,train
hf-124924,train
hf-124933,validation
hf-124935,validation
hf-124943,train
hf-12498,train
hf-124983,validation
hf-124984,test
hf-1250,train
hf-125000,test
hf-125014,train
hf-125026,train
hf-125033,validation
hf-125053,validation
hf-125063,train
hf-125072,train
hf-125083,test
hf-125085,train
hf-12509,validation
hf-125095,train
hf-125099,train
hf-125100,train
hf-125111,test
hf-125112,test
hf-125117,train
hf-125121,train
hf-125133,test
hf-125135,test
hf-125137,train
hf-125139,train
hf-125156,test
hf-125171,test
hf-125174,validation
hf-125176,test
hf-125178,train
hf-12518,train
hf-125226,train
hf-125230,train
hf-125235,validation
hf-125241,train
hf-125246,train
hf-125258,train
hf-125263,train
hf-125270,validation
hf-125275,train
hf-12528,train
hf-125283,train
hf-125290,validation
hf-125292,train
hf-125294,validation
hf-12531,train
hf-125314,train
hf-125315,validation
hf-125316,train
hf-125323,test
hf-12533,train
hf-125332,validation
hf-125349,validation
hf-125369,train
hf-12537,validation
hf-125372,test
hf-125384,train
hf-125394,validation
hf-1254,test
hf-125401,train
hf-125407,train
hf-125409,test
hf-125429,train
hf-125430,validation
hf-125433,train
hf-125441,train
hf-125447,train
hf-125452,train
hf-125454,validation
hf-125462,train
hf-125474,test
hf-125475,train
hf-125477,train
hf-125483,train
hf-125485,validation
hf-125491,train
hf-125498,train
hf-125517,test
hf-12554,train
hf-125543,train
hf-125577,train
hf-12558,validation
hf-125582,train
hf-125584,train
hf-12562,train
hf-125625,train
hf-125628,test
hf-125630,train
hf-125633,train
hf-125672,train
hf-125676,test
hf-125699,test
hf-125701,train
hf-125703,test
hf-125705,train
hf-125719,train
hf-125721,train
hf-125730,test
hf-125736,train
hf-125740,train
hf-125750,validation
hf-125762,validation
hf-125776,train
hf-125782,train
hf-125783,train
hf-125800,train
hf-125803,test
hf-12581,test
hf-125825,validation
hf-125827,train
hf-125861,validation
hf-125888,train
hf-125897,train
hf-125903,test
hf-125914,validation
hf-12592,train
hf-125926,validation
hf-125927,test
hf-125928,validation
hf-12593,train
hf-125936,train
hf-125948,train
hf-125950,train
hf-125974,train
hf-125980,validation
hf-125985,train
hf-125989,test
hf-125998,train
hf-1260,train
hf-12601,train
hf-126015,validation
hf-126043,train
hf-12606,train
hf-126070,train
hf-126084,train
hf-12609,train
hf-126096,train
hf-126117,test
hf-126118,train
hf-126125,train
hf-12614,validation
hf-12615,validation
hf-126151,train
hf-126157,train
hf-126164,validation
hf-126170,train
hf-126177,train
hf-12621,test
hf-126219,validation
hf-126226,train
hf-126232,validation
hf-126254,train
hf-126266,train
hf-126267,train
hf-126269,train
hf-126274,train
hf-126286,train
hf-1263,test
hf-126301,test
hf-126306,train
hf-126326,validation
hf-126336,test
hf-126346,train
hf-126353,validation
hf-126355,train
hf-126365,train
hf-126375,train
hf-126381,test
hf-126387,test
hf-126391,train
hf-126394,train
hf-126423,train
hf-126431,train
hf-126434,train
hf-126446,validation
hf-126457,test
hf-126465,train
hf-126487,train
hf-126499,train
hf-126500,test
hf-126517,test
hf-126556,train
hf-12656,test
hf-126561,test
hf-126579,test
hf-126595,train
hf-126596,train
hf-1266,train
hf-126600,train
hf-126602,validation
hf-126607,train
hf-12663,test
hf-126642,train
hf-126644,train
hf-126667,train
hf-126672,validation
hf-12670,validation
hf-126700,train
hf-126712,train
hf-126718,test
hf-126719,test
hf-126721,test
hf-126741,train
hf-126743,train
hf-126757,train
hf-126762,train
hf-126764,train
hf-126765,train
hf-126767,train
hf-126773,train
hf-126776,validation
hf-126779,train
hf-126803,train
hf-126804,validation
hf-126815,train
hf-126821,test
hf-126826,train
hf-126832,train
hf-12684,test
hf-126861,validation
hf-126864,train
hf-126869,test
hf-126883,test
hf-126885,train
hf-126890,test
hf-126899,train
hf-126904,train
hf-126918,train
hf-126926,train
hf-126936,validation
hf-126943,test
hf-126966,train
hf-126967,train
hf-126972,test
hf-126977,train
hf-126978,test
hf-126983,test
hf-126985,test
hf-126996,train
hf-12700,train
hf-127007,train
hf-127039,validation
hf-127040,test
hf-127042,train
hf-127044,validation
hf-127046,train
hf-127055,train
hf-127056,train
hf-127058,test
hf-127071,validation
hf-127090,test
hf-12710,validation
hf-127103,validation
hf-127130,train
hf-127133,train
hf-127147,validation
hf-127160,train
hf-127162,train
hf-127164,validation
hf-127166,train
hf-127170,train
hf-127173,validation
hf-127174,train
hf-127180,train
hf-127183,test
hf-127186,train
hf-127189,train
hf-127201,train
hf-127206,test
hf-127211,train
hf-127223,validation
hf-12723,train
hf-127231,train
hf-127234,train
hf-127244,test
hf-127249,test
hf-127256,train
hf-127258,train
hf-127265,train
hf-127277,train
hf-127284,validation
hf-127291,test
hf-127294,train
hf-127296,test
hf-127298,train
hf-12732,test
hf-127323,train
hf-12734,validation
hf-127342,train
hf-127354,validation
hf-127355,validation
hf-127358,test
hf-127360,test
hf-127361,train
hf-127373,test
hf-127375,validation
hf-127390,train
hf-127395,validation
hf-127398,test
hf-127409,train
hf-127413,train
hf-127417,train
hf-127437,test
hf-127441,validation
hf-12747,test
hf-127470,train
hf-127481,test
hf-127497,validation
hf-1275,test
hf-12750,train
hf-127506,train
hf-127507,test
hf-127510,train
hf-127532,train
hf-127533,train
hf-127579,test
hf-127582,train
hf-127598,train
hf-127613,train
hf-127614,validation
hf-127619,train
hf-127627,train
hf-127656,train
hf-127689,train
hf-127695,train
hf-127717,validation
hf-127719,validation
hf-127732,train
hf-127736,test
hf-127774,train
hf-127776,validation
hf-127785,train
hf-127792,validation
hf-127793,train
hf-12783,test
hf-127854,train
hf-12786,train
hf-127860,train
hf-127870,train
hf-127883,test
hf-12789,train
hf-127892,test
hf-127893,test
hf-127897,train
hf-1279,train
hf-127901,train
hf-127904,train
hf-12791,validation
hf-127914,train
hf-127923,test
hf-127924,train
hf-127934,test
hf-12794,train
hf-127952,train
hf-127986,train
hf-127987,validation
hf-128,validation
hf-128000,train
hf-128017,test
hf-128021,train
hf-128038,train
hf-128040,train
hf-128055,train
hf-128075,train
hf-128079,train
hf-128089,train
hf-128104,train
hf-128109,train
hf-128111,train
hf-128116,train
hf-128128,test
hf-12814,train
hf-128142,validation
hf-128148,validation
hf-128152,train
hf-128153,train
hf-128161,train
hf-128164,train
hf-128169,validation
hf-128174,train
hf-128178,train
hf-128188,test
hf-12819,train
hf-128219,train
hf-128235,train
hf-12824,test
hf-128241,test
hf-128250,validation
hf-128280,test
hf-12829,test
hf-128292,train
hf-128303,validation
hf-128317,train
hf-128324,train
hf-128342,test
hf-12836,test
hf-128376,train
hf-128400,train
hf-128427,train
hf-128429,train
hf-128436,validation
hf-12844,train
hf-128462,train
hf-128469,train
hf-12847,train
hf-128472,train
hf-128487,train
hf-128489,validation
hf-128491,validation
hf-128502,test
hf-128505,train
hf-128509,train
hf-12851,train
hf-128517,test
hf-128528,test
hf-128530,train
hf-128538,validation
hf-128546,train
hf-12855,train
hf-128555,train
hf-128587,train
hf-128590,train
hf-128597,test
hf-128630,test
hf-128631,train
hf-128649,train
hf-128650,validation
hf-128663,test
hf-128668,test
hf-128679,train
hf-128681,train
hf-128710,test
hf-128721,validation
hf-128734,validation
hf-128752,train
hf-128755,train
hf-128787,test
hf-128800,train
hf-128801,validation
hf-128802,train
hf-128806,train
hf-128817,train
hf-128824,train
hf-128826,validation
hf-128833,train
hf-128834,validation
hf-128835,train
hf-128847,train
hf-128850,train
hf-12886,train
hf-128860,train
hf-128862,train
hf-128877,train
hf-128884,train
hf-128886,train
hf-128890,validation
hf-128903,test
hf-128913,test
hf-128919,train
hf-128936,test
hf-128950,validation
hf-128956,train
hf-128958,validation
hf-12896,train
hf-128967,train
hf-128977,train
hf-128980,train
hf-128983,train
hf-128986,train
hf-129,validation
hf-12902,train
hf-129025,train
hf-129035,test
hf-129038,train
hf-129062,train
hf-129090,train
hf-129105,test
hf-129111,train
hf-129119,train
hf-129124,train
hf-12913,train
hf-129140,train
hf-12916,train
hf-129160,validation
hf-12917,train
hf-129182,train
hf-129205,train
hf-129220,train
hf-129227,train
hf-12924,train
hf-129251,train
hf-129259,validation
hf-129262,validation
hf-129267,train
hf-12927,validation
hf-129276,validation
hf-129283,test
hf-129286,validation
hf-129297,test
hf-129311,train
hf-129327,test
hf-129331,validation
hf-129338,test
hf-129343,train
hf-129347,test
hf-129388,train
hf-129402,train
hf-129411,test
hf-129419,train
hf-129429,train
hf-129435,validation
hf-12944,train
hf-129444,test
hf-129445,validation
hf-129454,train
hf-12947,train
hf-129478,validation
hf-129483,test
hf-129486,train
hf-129494,test
hf-12950,test
hf-129520,train
hf-129533,train
hf-129544,validation
hf-129556,train
hf-129561,validation
hf-129571,train
hf-129575,train
hf-129601,validation
hf-129608,validation
hf-129613,train
hf-129624,train
hf-12964,train
hf-129648,train
hf-129659,train
hf-129667,test
hf-129682,test
hf-129684,test
hf-129690,train
hf-129691,train
hf-129706,test
hf-129709,train
hf-129732,validation
hf-129742,validation
hf-129743,train
hf-129760,test
hf-129763,validation
hf-129766,test
hf-12977,validation
hf-129773,train
hf-12978,train
hf-129782,train
hf-12979,train
hf-129805,train
hf-129824,train
hf-129826,validation
hf-129827,validation
hf-129839,validation
hf-129859,validation
hf-129872,test
hf-129885,train
hf-129887,test
hf-129896,train
hf-129897,train
hf-129898,train
hf-129909,train
hf-12991,train
hf-129911,validation
hf-129922,test
hf-129956,validation
hf-129970,test
hf-129972,train
hf-129975,train
hf-129991,validation
hf-1300,test
hf-130019,train
hf-13002,train
hf-130034,validation
hf-130051,test
hf-130057,train
hf-130058,train
hf-130071,test
hf-130076,test
hf-130083,train
hf-130088,validation
hf-13009,train
hf-130108,train
hf-130120,train
hf-13013,test
hf-130145,train
hf-130150,validation
hf-130174,train
hf-130187,validation
hf-130191,validation
hf-130192,train
hf-130205,train
hf-130216,train
hf-130244,train
hf-130246,train
hf-130258,train
hf-130261,test
hf-130266,validation
hf-13028,validation
hf-130293,train
hf-130295,train
hf-130301,validation
hf-130303,train
hf-130333,train
hf-130337,train
hf-130347,train
hf-130349,train
hf-130350,test
hf-130353,validation
hf-130356,train
hf-130358,validation
hf-130363,train
hf-130366,train
hf-130381,validation
hf-130390,test
hf-130391,validation
hf-130396,train
hf-13040,train
hf-130408,train
hf-130415,train
hf-130448,test
hf-130459,train
hf-130461,validation
hf-130498,train
hf-130501,train
hf-130507,test
hf-130516,validation
hf-130521,train
hf-130526,test
hf-130537,train
hf-130546,test
hf-13059,validation
hf-130598,train
hf-130634,test
hf-130642,validation
hf-130644,train
hf-13066,train
hf-130663,validation
hf-130672,validation
hf-130677,train
hf-130687,train
hf-13069,validation
hf-130698,train
hf-130699,train
hf-130724,test
hf-130726,train
hf-130738,train
hf-130741,test
hf-130746,validation
hf-130747,test
hf-130755,validation
hf-130766,test
hf-130772,test
hf-130773,train
hf-130784,train
hf-130785,test
hf-130788,train
hf-130790,train
hf-130792,train
hf-130799,train
hf-130807,train
hf-130818,test
hf-130826,train
hf-13083,validation
hf-130831,train
hf-130853,test
hf-130854,train
hf-130857,train
hf-13087,train
hf-130881,train
hf-130888,validation
hf-13089,train
hf-130903,validation
hf-130913,train
hf-130929,test
hf-130954,test
hf-13099,validation
hf-130992,train
hf-131,train
hf-131016,validation
hf-13102,test
hf-131054,train
hf-131060,train
hf-131061,train
hf-131081,train
hf-131086,train
hf-131094,train
hf-131109,validation
hf-131119,validation
hf-131139,train
hf-131149,validation
hf-131156,train
hf-131163,train
hf-131164,train
hf-131180,train
hf-131193,test
hf-131216,train
hf-131243,test
hf-13125,train
hf-131264,train
hf-131265,test
hf-131283,validation
hf-131288,validation
hf-131291,train
hf-131294,train
hf-13130,validation
hf-131302,validation
hf-131303,train
hf-13131,train
hf-131349,train
hf-131352,train
hf-131359,validation
hf-131363,test
hf-131372,train
hf-131375,validation
hf-131391,train
hf-131401,train
hf-131414,validation
hf-131440,test
hf-131443,train
hf-131447,train
hf-131451,train
hf-131452,validation
hf-131455,train
hf-131470,train
hf-131479,validation
hf-131484,train
hf-131488,train
hf-131494,validation
hf-131495,train
hf-131497,train
hf-131507,train
hf-131519,train
hf-131527,test
hf-131538,train
hf-13154,train
hf-131561,train
hf-131567,train
hf-131646,train
hf-131670,train
hf-131676,test
hf-131681,train
hf-131683,train
hf-131687,validation
hf-131702,validation
hf-131705,validation
hf-131710,test
hf-131720,train
hf-131731,train
hf-131737,test
hf-131743,train
hf-131756,train
hf-131768,validation
hf-131790,train
hf-1318,train
hf-131820,train
hf-13183,validation
hf-131842,train
hf-131851,test
hf-131870,validation
hf-131885,train
hf-131896,train
hf-131898,train
hf-131921,train
hf-13195,validation
hf-131951,train
hf-131954,train
hf-131956,test
hf-131964,train
hf-131970,validation
hf-131973,validation
hf-131984,validation
hf-131993,train
hf-131998,test
hf-132004,validation
hf-132016,train
hf-132035,validation
hf-132039,validation
hf-132042,train
hf-132044,validation
hf-132069,train
hf-132077,train
hf-132079,train
hf-1321,train
hf-13212,train
hf-132130,test
hf-13215,train
hf-13218,test
hf-132180,train
hf-132199,validation
hf-132200,test
hf-132208,train
hf-132215,train
hf-132232,train
hf-132233,train
hf-132257,train
hf-132260,validation
hf-132263,train
hf-132274,train
hf-132277,train
hf-132293,train
hf-132299,train
hf-132302,test
hf-132306,train
hf-132314,train
hf-132321,train
hf-132342,validation
hf-132343,validation
hf-132354,train
hf-132361,train
hf-132369,test
hf-132373,train
hf-13240,train
hf-132403,test
hf-13242,test
hf-132424,validation
hf-132444,train
hf-13246,test
hf-132463,validation
hf-13249,train
hf-132498,test
hf-132505,validation
hf-132523,test
hf-132558,train
hf-132573,train
hf-132582,validation
hf-13259,train
hf-132591,train
hf-132592,train
hf-132597,train
hf-132599,train
hf-13262,train
hf-132622,train
hf-132625,train
hf-132650,test
hf-132664,train
hf-132670,train
hf-132671,train
hf-132688,validation
hf-132693,validation
hf-132699,train
hf-132718,train
hf-132725,test
hf-132739,train
hf-132751,train
hf-132758,train
hf-132770,train
hf-132776,train
hf-132778,train
hf-132786,train
hf-132794,train
hf-1328,test
hf-132810,test
hf-132821,test
hf-132827,train
hf-13283,train
hf-132836,validation
hf-132841,train
hf-132851,train
hf-132853,train
hf-132869,train
hf-132876,validation
hf-132881,train
hf-132888,train
hf-132902,train
hf-132903,train
hf-132904,train
hf-13291,test
hf-132919,train
hf-132934,train
hf-132941,train
hf-132949,train
hf-132955,test
hf-132957,test
hf-132968,test
hf-132970,train
hf-132981,train
hf-132988,validation
hf-133005,train
hf-133014,train
hf-133017,validation
hf-133026,train
hf-133030,validation
hf-133037,train
hf-133044,test
hf-13306,train
hf-133070,train
hf-133097,test
hf-133099,validation
hf-133101,test
hf-133110,train
hf-133111,validation
hf-133145,validation
hf-133147,train
hf-133155,train
hf-133161,validation
hf-133169,train
hf-133188,train
hf-133189,validation
hf-133196,test
hf-1332,train
hf-133200,train
hf-133205,train
hf-133226,test
hf-133232,train
hf-133234,train
hf-13324,train
hf-133260,train
hf-133261,validation
hf-133266,test
hf-13327,train
hf-133272,test
hf-133283,train
hf-133305,train
hf-133308,test
hf-133309,test
hf-133315,train
hf-133317,train
hf-133334,test
hf-133336,train
hf-133342,train
hf-133368,validation
hf-133386,train
hf-133388,train
hf-133392,train
hf-1334,train
hf-133414,train
hf-133415,test
hf-133421,validation
hf-133422,test
hf-133435,train
hf-133449,test
hf-133451,train
hf-133465,train
hf-133487,validation
hf-133520,test
hf-133526,train
hf-133549,train
hf-133552,train
hf-133569,train
hf-133577,train
hf-133583,train
hf-13359,validation
hf-133605,validation
hf-13361,train
hf-133616,train
hf-133621,train
hf-133644,train
hf-133653,train
hf-133671,train
hf-133674,train
hf-133693,train
hf-133696,test
hf-133699,train
hf-1337,train
hf-13370,train
hf-133702,train
hf-133725,train
hf-133734,train
hf-133735,train
hf-13374,train
hf-133740,train
hf-133746,train
hf-133751,validation
hf-133759,validation
hf-133762,train
hf-133766,test
hf-133770,test
hf-133785,train
hf-133804,validation
hf-133824,test
hf-133826,train
hf-13383,validation
hf-133831,test
hf-133835,train
hf-133843,test
hf-133855,test
hf-133861,test
hf-133863,test
hf-133874,validation
hf-133876,test
hf-133882,validation
hf-133894,train
hf-133897,test
hf-133898,train
hf-133899,validation
hf-133904,test
hf-13391,validation
hf-133913,train
hf-133915,test
hf-133924,train
hf-133947,train
hf-13395,train
hf-13396,train
hf-133965,validation
hf-133974,train
hf-133985,train
hf-133994,train
hf-133995,validation
hf-134007,train
hf-134020,train
hf-134026,train
hf-134027,train
hf-134029,validation
hf-134031,test
hf-134032,test
hf-134048,train
hf-134051,test
hf-134053,test
hf-134061,train
hf-134070,train
hf-134094,validation
hf-134115,train
hf-134134,train
hf-134162,train
hf-134167,train
hf-134175,validation
hf-134176,test
hf-134178,validation
hf-134187,validation
hf-134193,train
hf-134203,test
hf-134207,test
hf-134210,validation
hf-134221,train
hf-134222,test
hf-134245,train
hf-134250,test
hf-134257,test
hf-134271,train
hf-134299,train
hf-134305,test
hf-134309,train
hf-134310,validation
hf-134314,train
hf-134321,train
hf-134336,train
hf-134343,validation
hf-134346,validation
hf-134348,train
hf-134349,train
hf-134356,train
hf-134366,train
hf-134385,train
hf-1344,train
hf-134406,train
hf-134408,validation
hf-13441,train
hf-134415,validation
hf-134431,train
hf-134446,train
hf-134447,test
hf-13445,validation
hf-134455,train
hf-134456,test
hf-134463,train
hf-134467,validation
hf-134477,train
hf-134481,validation
hf-134485,validation
hf-134490,validation
hf-134498,train
hf-134501,validation
hf-134516,train
hf-13452,train
hf-134525,test
hf-134546,train
hf-13456,train
hf-134565,validation
hf-134566,train
hf-134572,train
hf-134577,validation
hf-134582,train
hf-134590,test
hf-134593,train
hf-134596,validation
hf-134601,test
hf-134615,validation
hf-134616,test
hf-134646,validation
hf-134660,train
hf-134666,test
hf-134673,test
hf-134676,test
hf-13468,validation
hf-134686,validation
hf-134687,train
hf-134708,train
hf-134717,validation
hf-134719,train
hf-134722,validation
hf-134726,train
hf-134733,train
hf-134739,train
hf-134754,test
hf-134768,train
hf-134780,train
hf-13479,train
hf-134799,test
hf-13481,validation
hf-134814,train
hf-134819,train
hf-13482,test
hf-134834,validation
hf-134836,test
hf-134837,train
hf-134860,test
hf-134874,test
hf-134878,train
hf-134884,train
hf-134887,train
hf-134904,train
hf-134910,test
hf-134914,train
hf-134917,train
hf-134929,train
hf-13494,train
hf-134942,train
hf-13497,train
hf-134972,train
hf-134977,train
hf-134983,validation
hf-134985,train
hf-134993,train
hf-134997,test
hf-135008,test
hf-135017,train
hf-135036,train
hf-135049,train
hf-13505,test
hf-135052,train
hf-135063,validation
hf-135067,train
hf-135079,train
hf-13508,test
hf-135082,test
hf-135129,validation
hf-13513,test
hf-135134,train
hf-135142,train
hf-135151,train
hf-135152,test
hf-135156,validation
hf-13516,train
hf-135165,train
hf-135167,train
hf-135187,train
hf-135188,test
hf-135199,validation
hf-135214,test
hf-135219,train
hf-135224,validation
hf-135225,train
hf-135235,train
hf-135241,train
hf-135251,train
hf-135254,train
hf-135264,train
hf-135269,train
hf-135291,train
hf-13532,validation
hf-135347,validation
hf-135349,train
hf-135391,train
hf-135412,train
hf-135415,validation
hf-135441,test
hf-135450,train
hf-135459,train
hf-135466,validation
hf-135471,train
hf-135483,train
hf-135485,validation
hf-135490,train
hf-135492,train
hf-135497,train
hf-135507,train
hf-13551,train
hf-135529,train
hf-135534,train
hf-135539,validation
hf-135548,train
hf-135565,train
hf-135566,train
hf-135568,train
hf-13557,train
hf-135584,train
hf-135587,train
hf-135592,validation
hf-135602,validation
hf-13563,validation
hf-135639,train
hf-13564,train
hf-135640,train
hf-135675,test
hf-135678,train
hf-135697,validation
hf-13571,test
hf-135711,train
hf-135758,validation
hf-135763,train
hf-135764,train
hf-135770,train
hf-135771,test
hf-135788,train
hf-135792,test
hf-135801,train
hf-135807,train
hf-135824,test
hf-135826,train
hf-135828,train
hf-135842,train
hf-135843,test
hf-135844,validation
hf-135863,train
hf-135873,validation
hf-135874,train
hf-135880,train
hf-135888,validation
hf-135900,test
hf-135910,train
hf-135918,train
hf-13592,train
hf-135920,train
hf-135929,train
hf-135930,test
hf-135939,test
hf-135942,test
hf-135949,test
hf-135951,validation
hf-135969,train
hf-135971,train
hf-135982,test
hf-135987,train
hf-135992,validation
hf-136012,validation
hf-136016,train
hf-136019,test
hf-136020,train
hf-136043,test
hf-136047,train
hf-136049,train
hf-136055,train
hf-136059,train
hf-136074,test
hf-136082,train
hf-136091,train
hf-136096,test
hf-136099,train
hf-1361,train
hf-13610,validation
hf-136103,train
hf-136119,train
hf-136128,test
hf-136138,validation
hf-13614,train
hf-136140,train
hf-136148,validation
hf-13615,train
hf-136154,train
hf-13618,test
hf-136193,train
hf-136199,train
hf-136200,train
hf-136203,train
hf-136216,train
hf-136218,train
hf-13622,train
hf-136231,train
hf-136254,train
hf-136260,test
hf-136261,train
hf-136268,test
hf-136270,validation
hf-136274,train
hf-136278,train
hf-136282,validation
hf-136298,train
hf-136313,train
hf-136324,train
hf-136325,train
hf-136335,train
hf-136341,train
hf-136349,train
hf-136352,test
hf-136353,train
hf-136360,test
hf-136366,validation
hf-136371,train
hf-136374,train
hf-136375,test
hf-136387,train
hf-136393,test
hf-13640,train
hf-136410,validation
hf-136412,test
hf-136424,train
hf-136425,test
hf-136439,validation
hf-136444,validation
hf-13645,test
hf-136461,train
hf-136468,test
hf-136470,train
hf-13649,test
hf-136505,test
hf-136514,train
hf-136524,train
hf-136530,validation
hf-13655,train
hf-136555,train
hf-13656,validation
hf-136582,validation
hf-136584,validation
hf-136590,validation
hf-136592,train
hf-136616,train
hf-136658,train
hf-13666,test
hf-136668,train
hf-13668,validation
hf-136692,train
hf-136693,validation
hf-136711,train
hf-136714,train
hf-136724,train
hf-136743,train
hf-136754,train
hf-136756,train
hf-136763,train
hf-136768,train
hf-13678,train
hf-136783,train
hf-136790,test
hf-136795,train
hf-136798,train
hf-13680,validation
hf-136811,test
hf-136814,train
hf-136816,validation
hf-136822,train
hf-136829,train
hf-136841,train
hf-136849,train
hf-136864,train
hf-136868,train
hf-13688,train
hf-136893,test
hf-136898,validation
hf-136899,test
hf-136900,test
hf-136906,test
hf-136908,validation
hf-136910,train
hf-136931,train
hf-136935,validation
hf-13694,train
hf-136940,train
hf-136964,train
hf-136982,train
hf-136989,train
hf-137026,train
hf-137045,train
hf-137062,validation
hf-137064,validation
hf-137067,train
hf-137073,train
hf-137074,train
hf-137085,validation
hf-137108,train
hf-13711,train
hf-137116,test
hf-137124,test
hf-137130,train
hf-137147,train
hf-137151,train
hf-13717,validation
hf-137172,train
hf-137183,train
hf-137200,validation
hf-137203,train
hf-13721,validation
hf-137223,validation
hf-137235,validation
hf-137241,train
hf-137243,test
hf-137246,train
hf-137248,test
hf-137257,test
hf-137265,test
hf-137287,train
hf-137288,train
hf-137292,train
hf-137304,train
hf-137306,validation
hf-137313,train
hf-137315,train
hf-137326,train
hf-137339,train
hf-137341,validation
hf-137357,train
hf-137362,train
hf-137381,validation
hf-137393,train
hf-137401,train
hf-137413,validation
hf-137421,test
hf-137426,train
hf-137440,train
hf-137441,train
hf-137443,train
hf-137449,test
hf-137455,validation
hf-137466,validation
hf-137467,train
hf-13748,train
hf-137511,test
hf-137512,train
hf-137519,test
hf-13753,train
hf-137531,validation
hf-137547,test
hf-137553,test
hf-137572,validation
hf-137577,train
hf-137627,validation
hf-137633,train
hf-137635,train
hf-137678,validation
hf-137706,test
hf-137738,train
hf-137743,test
hf-137788,train
hf-137807,test
hf-137814,train
hf-13782,train
hf-137843,test
hf-137849,validation
hf-137854,train
hf-137877,train
hf-137890,validation
hf-137901,validation
hf-137915,train
hf-137922,train
hf-137927,train
hf-137934,train
hf-137954,train
hf-137968,train
hf-137978,validation
hf-137995,train
hf-137999,train
hf-138015,train
hf-138025,train
hf-138026,test
hf-138049,train
hf-138065,validation
hf-138073,train
hf-138075,train
hf-138101,train
hf-138104,validation
hf-138105,validation
hf-138113,train
hf-13812,train
hf-138128,train
hf-138136,train
hf-13814,test
hf-138141,test
hf-138142,train
hf-138143,validation
hf-138159,train
hf-138161,test
hf-138175,test
hf-138180,train
hf-138182,train
hf-138187,train
hf-138192,train
hf-1382,validation
hf-138206,test
hf-138207,test
hf-138211,train
hf-138212,test
hf-138213,validation
hf-138216,train
hf-138223,train
hf-138227,train
hf-138229,test
hf-138243,train
hf-138247,train
hf-138255,train
hf-138259,validation
hf-13826,test
hf-138264,test
hf-138265,train
hf-138266,train
hf-138280,train
hf-138287,train
hf-138296,train
hf-138305,test
hf-138311,train
hf-138312,validation
hf-138316,test
hf-138338,train
hf-138345,train
hf-138347,train
hf-138351,train
hf-138363,train
hf-138369,test
hf-138378,train
hf-13838,validation
hf-138380,test
hf-138381,train
hf-138392,train
hf-1384,test
hf-138401,train
hf-138405,train
hf-138406,train
hf-138407,test
hf-138421,test
hf-138424,train
hf-13844,train
hf-138441,test
hf-138443,train
hf-13845,train
hf-138453,validation
hf-138493,train
hf-138494,train
hf-138508,train
hf-138510,train
hf-138516,test
hf-138518,train
hf-138527,train
hf-138537,validation
hf-138544,train
hf-138551,train
hf-138564,train
hf-138574,train
hf-13858,train
hf-138589,test
hf-138597,train
hf-13861,test
hf-138623,test
hf-13864,test
hf-138642,train
hf-138647,train
hf-138654,train
hf-138655,test
hf-138663,train
hf-13867,train
hf-138681,validation
hf-1387,validation
hf-13870,train
hf-138708,test
hf-13871,validation
hf-138717,test
hf-138722,test
hf-138725,train
hf-138731,train
hf-138741,train
hf-138773,validation
hf-138801,test
hf-138811,test
hf-138826,train
hf-138833,train
hf-13884,train
hf-138844,test
hf-138846,train
hf-138847,train
hf-138856,validation
hf-138859,train
hf-138867,validation
hf-138882,train
hf-138891,train
hf-1389,train
hf-138900,train
hf-138922,validation
hf-138931,train
hf-138937,test
hf-13896,test
hf-138964,validation
hf-138987,train
hf-138992,test
hf-139000,train
hf-139001,test
hf-139024,train
hf-139040,test
hf-139044,validation
hf-139049,train
hf-139099,test
hf-139100,validation
hf-13912,test
hf-139127,train
hf-139170,train
hf-139173,validation
hf-139176,validation
hf-139178,train
hf-139201,train
hf-139204,train
hf-139209,validation
hf-139225,train
hf-13924,train
hf-139272,train
hf-139274,train
hf-139275,validation
hf-139283,train
hf-139295,train
hf-139296,train
hf-1393,validation
hf-139303,test
hf-139309,train
hf-139316,validation
hf-139343,train
hf-139358,test
hf-139366,test
hf-139367,train
hf-139371,test
hf-139377,test
hf-13939,train
hf-139397,test
hf-13941,train
hf-139435,test
hf-139444,train
hf-139455,validation
hf-139464,test
hf-139481,train
hf-139484,test
hf-139490,train
hf-139491,validation
hf-139506,test
hf-139510,train
hf-13952,validation
hf-139530,test
hf-139550,test
hf-139560,test
hf-13961,test
hf-139619,train
hf-139620,train
hf-13963,train
hf-139632,train
hf-139633,validation
hf-139636,validation
hf-139639,train
hf-13966,train
hf-139663,test
hf-139666,train
hf-139680,train
hf-139686,train
hf-13969,train
hf-1397,test
hf-139713,train
hf-139717,train
hf-139720,train
hf-139724,train
hf-139734,train
hf-139737,test
hf-13974,test
hf-139761,test
hf-139775,test
hf-139783,validation
hf-1398,validation
hf-139809,test
hf-139813,train
hf-139819,train
hf-139849,train
hf-139858,train
hf-139867,train
hf-139884,train
hf-139889,validation
hf-139897,train
hf-139900,test
hf-139912,train
hf-139921,test
hf-139924,train
hf-139930,validation
hf-139935,train
hf-139954,validation
hf-13996,test
hf-139984,train
hf-140066,train
hf-140076,validation
hf-140087,test
hf-140101,test
hf-140102,validation
hf-140108,train
hf-140113,validation
hf-140117,train
hf-140120,train
hf-140138,test
hf-140141,test
hf-140143,train
hf-140144,test
hf-140147,train
hf-140148,train
hf-140150,train
hf-140156,test
hf-140159,validation
hf-140164,train
hf-140169,train
hf-140180,train
hf-140183,train
hf-140212,train
hf-140213,validation
hf-140225,train
hf-140239,train
hf-140253,train
hf-140254,test
hf-140274,validation
hf-140275,validation
hf-140277,train
hf-140282,validation
hf-140293,validation
hf-140302,train
hf-14032,validation
hf-140328,train
hf-140352,test
hf-140365,train
hf-140375,train
hf-140377,train
hf-140402,train
hf-140416,test
hf-140419,train
hf-140428,test
hf-14043,train
hf-14044,train
hf-140446,test
hf-140456,test
hf-140459,test
hf-140462,train
hf-140471,train
hf-140493,test
hf-140503,train
hf-140512,train
hf-140518,train
hf-140527,train
hf-140543,train
hf-140549,test
hf-14055,train
hf-140560,train
hf-140561,test
hf-140575,train
hf-140577,validation
hf-140592,validation
hf-140596,train
hf-140600,test
hf-140623,train
hf-140627,train
hf-140634,train
hf-14064,test
hf-140643,train
hf-140653,train
hf-140662,validation
hf-140679,validation
hf-140680,train
hf-140682,train
hf-140685,test
hf-140691,train
hf-140713,train
hf-140722,train
hf-140739,train
hf-14074,test
hf-140761,test
hf-140764,train
hf-140767,train
hf-140778,test
hf-140779,validation
hf-14078,test
hf-140801,train
hf-140803,validation
hf-140809,test
hf-140811,validation
hf-140836,train
hf-140839,train
hf-140851,validation
hf-140871,train
hf-140878,train
hf-140889,train
hf-140908,train
hf-14091,train
hf-140922,train
hf-140924,test
hf-140931,validation
hf-140932,test
hf-140942,test
hf-140953,test
hf-14096,test
hf-140973,validation
hf-140977,train
hf-140987,train
hf-140997,test
hf-140999,test
hf-141003,train
hf-141005,test
hf-141036,test
hf-141040,train
hf-141064,test
hf-141070,test
hf-141081,train
hf-141091,train
hf-141093,train
hf-1411,test
hf-141104,train
hf-141105,validation
hf-141127,train
hf-141128,train
hf-14114,train
hf-141154,validation
hf-141178,train
hf-141186,validation
hf-141191,train
hf-141198,test
hf-141202,train
hf-141217,test
hf-141244,validation
hf-141253,train
hf-141262,test
hf-141263,test
hf-141269,test
hf-141278,train
hf-141279,train
hf-141281,train
hf-141284,validation
hf-141288,train
hf-14129,train
hf-141292,train
hf-141295,train
hf-141297,train
hf-141324,test
hf-141325,train
hf-14133,validation
hf-141332,train
hf-141340,validation
hf-141365,train
hf-141368,train
hf-14137,validation
hf-141382,validation
hf-141394,train
hf-141396,train
hf-141401,validation
hf-141410,train
hf-141428,train
hf-141430,train
hf-141437,validation
hf-141438,test
hf-14144,validation
hf-141442,train
hf-141453,test
hf-14146,train
hf-141462,test
hf-14147,train
hf-141486,train
hf-141489,train
hf-141501,train
hf-141522,train
hf-141550,train
hf-141556,validation
hf-141562,test
hf-1416,train
hf-141600,validation
hf-141604,train
hf-141619,train
hf-141649,validation
hf-141650,test
hf-141656,train
hf-141658,validation
hf-141661,validation
hf-141679,validation
hf-141687,train
hf-1417,train
hf-141721,train
hf-141740,train
hf-141746,validation
hf-141751,train
hf-141758,train
hf-141763,train
hf-141768,train
hf-141773,validation
hf-14178,train
hf-141780,validation
hf-141785,train
hf-141790,test
hf-141794,train
hf-141799,train
hf-14180,train
hf-141802,test
hf-141803,train
hf-141812,train
hf-14182,train
hf-141820,train
hf-141830,train
hf-141831,train
hf-141840,validation
hf-141850,validation
hf-14186,test
hf-14187,test
hf-141880,validation
hf-141892,test
hf-141901,test
hf-141911,validation
hf-141914,test
hf-141921,test
hf-141931,test
hf-141937,train
hf-141942,test
hf-141952,train
hf-141958,validation
hf-141967,test
hf-141972,train
hf-141980,test
hf-141982,train
hf-141991,validation
hf-141998,train
hf-142,train
hf-142002,test
hf-142022,train
hf-142025,validation
hf-14203,train
hf-142041,validation
hf-142043,validation
hf-142046,test
hf-142068,test
hf-142071,validation
hf-142081,train
hf-14210,train
hf-142120,train
hf-142121,train
hf-142137,train
hf-142146,train
hf-142155,train
hf-142193,train
hf-142194,train
hf-14221,train
hf-142216,train
hf-142237,train
hf-142257,test
hf-142260,validation
hf-142276,train
hf-14228,validation
hf-142280,test
hf-1423,train
hf-142315,validation
hf-142321,validation
hf-142327,test
hf-142329,train
hf-142332,train
hf-142352,train
hf-142361,train
hf-14237,train
hf-142373,test
hf-142374,train
hf-142378,validation
hf-14238,train
hf-142396,validation
hf-142404,train
hf-142414,test
hf-142415,test
hf-142423,train
hf-142429,train
hf-142434,train
hf-142449,validation
hf-142453,train
hf-142493,validation
hf-142514,train
hf-142537,train
hf-142543,train
hf-142544,test
hf-142547,train
hf-142549,test
hf-142552,validation
hf-14256,test
hf-142571,test
hf-142579,train
hf-142599,train
hf-142601,train
hf-142613,validation
hf-142634,train
hf-142646,test
hf-142667,train
hf-142676,train
hf-142689,train
hf-142722,train
hf-14273,train
hf-142749,validation
hf-142760,train
hf-142778,validation
hf-142780,train
hf-14279,train
hf-142790,train
hf-142794,train
hf-14280,train
hf-142811,test
hf-142832,validation
hf-142842,test
hf-14285,train
hf-142851,train
hf-142857,validation
hf-142865,train
hf-142878,train
hf-142880,train
hf-142888,train
hf-142933,test
hf-142936,test
hf-142938,validation
hf-142943,test
hf-142954,validation
hf-142965,validation
hf-142981,test
hf-142982,train
hf-142991,test
hf-142992,validation
hf-142996,train
hf-143,validation
hf-1430,train
hf-143038,train
hf-14304,train
hf-143041,train
hf-143052,train
hf-143058,train
hf-143073,train
hf-143077,validation
hf-143093,train
hf-14310,train
hf-143108,train
hf-14311,train
hf-143114,test
hf-143123,train
hf-143136,test
hf-14314,train
hf-143149,validation
hf-143166,train
hf-143178,validation
hf-143186,train
hf-143189,validation
hf-143194,train
hf-143195,validation
hf-143202,train
hf-143203,test
hf-143206,validation
hf-143212,validation
hf-143235,train
hf-143263,test
hf-143268,validation
hf-143285,validation
hf-143301,validation
hf-143304,validation
hf-143305,test
hf-143308,train
hf-143309,train
hf-143325,train
hf-14333,validation
hf-143337,train
hf-14334,train
hf-143354,train
hf-143369,train
hf-143386,train
hf-143387,validation
hf-143389,validation
hf-14339,train
hf-143391,train
hf-143392,validation
hf-143398,train
hf-143400,validation
hf-143418,test
hf-14342,validation
hf-143422,test
hf-143429,validation
hf-14343,train
hf-143433,test
hf-143448,train
hf-143449,train
hf-143451,train
hf-14346,validation
hf-143487,train
hf-143490,train
hf-143497,train
hf-143502,train
hf-143512,test
hf-143516,train
hf-143521,train
hf-143546,train
hf-14355,test
hf-143553,train
hf-143564,test
hf-143581,test
hf-143587,train
hf-143598,validation
hf-143599,train
hf-143606,train
hf-143622,validation
hf-143623,train
hf-143652,test
hf-14366,train
hf-143668,validation
hf-143675,train
hf-143695,test
hf-143696,train
hf-143698,train
hf-14370,train
hf-143712,validation
hf-143719,train
hf-143725,validation
hf-143726,train
hf-143728,test
hf-143746,train
hf-143770,train
hf-143774,train
hf-143781,validation
hf-143784,validation
hf-143814,train
hf-143822,train
hf-143836,train
hf-14385,validation
hf-143892,test
hf-143905,validation
hf-143909,train
hf-143918,train
hf-143925,train
hf-143946,train
hf-143958,train
hf-143962,train
hf-14398,train
hf-144,train
hf-144007,train
hf-144019,train
hf-144023,validation
hf-144024,train
hf-14404,train
hf-144055,train
hf-144057,train
hf-144094,train
hf-144096,validation
hf-144106,test
hf-144111,test
hf-144113,train
hf-144117,validation
hf-144137,train
hf-144148,train
hf-144149,train
hf-144151,train
hf-144156,validation
hf-144161,train
hf-144198,train
hf-144199,train
hf-144212,test
hf-144218,test
hf-144229,train
hf-14423,test
hf-144233,validation
hf-14424,test
hf-144241,train
hf-144244,train
hf-144249,train
hf-144251,train
hf-144254,validation
hf-144255,train
hf-144257,validation
hf-144262,train
hf-144274,train
hf-144283,test
hf-144307,train
hf-144330,test
hf-144361,train
hf-144374,train
hf-144380,test
hf-144391,validation
hf-144419,test
hf-144431,train
hf-144435,validation
hf-144440,validation
hf-144459,validation
hf-144467,validation
hf-144479,train
hf-144495,train
hf-144504,train
hf-14451,train
hf-144517,test
hf-144521,train
hf-14453,train
hf-144537,train
hf-144562,train
hf-14458,train
hf-144590,test
hf-144596,train
hf-14461,test
hf-144626,validation
hf-144627,test
hf-144630,validation
hf-144636,train
hf-144640,train
hf-144651,test
hf-144658,train
hf-144687,train
hf-144691,test
hf-144701,validation
hf-144709,test
hf-144719,train
hf-144722,train
hf-144728,validation
hf-144729,train
hf-144740,test
hf-144754,validation
hf-14479,validation
hf-144793,train
hf-144795,validation
hf-144798,validation
hf-144800,validation
hf-144810,test
hf-144829,test
hf-144836,test
hf-144842,train
hf-144849,test
hf-144857,validation
hf-144858,train
hf-144883,validation
hf-144893,train
hf-144901,validation
hf-144905,test
hf-144909,train
hf-14491,train
hf-144919,validation
hf-144932,train
hf-144943,train
hf-144956,validation
hf-144971,test
hf-144983,validation
hf-144990,test
hf-145003,train
hf-145006,train
hf-145010,train
hf-145011,train
hf-145018,train
hf-145021,train
hf-145039,train
hf-145056,train
hf-145071,train
hf-145094,train
hf-145111,train
hf-145125,test
hf-145126,validation
hf-145142,validation
hf-145148,train
hf-145167,train
hf-145180,test
hf-145187,train
hf-14519,train
hf-1452,train
hf-145219,validation
hf-145232,train
hf-145244,train
hf-145248,train
hf-145259,validation
hf-145260,train
hf-145262,train
hf-145267,train
hf-145287,validation
hf-145296,train
hf-145312,train
hf-145321,train
hf-145325,train
hf-145334,validation
hf-145338,train
hf-14535,train
hf-145356,test
hf-145358,train
hf-145374,train
hf-145380,train
hf-145385,test
hf-145399,train
hf-145402,validation
hf-145419,validation
hf-14542,train
hf-145420,validation
hf-145427,train
hf-145428,train
hf-145430,train
hf-145431,test
hf-145433,train
hf-145475,train
hf-145488,train
hf-145497,validation
hf-145501,train
hf-145503,test
hf-145510,test
hf-145525,train
hf-145529,train
hf-145534,train
hf-145535,train
hf-145539,train
hf-145544,test
hf-145559,train
hf-145571,train
hf-145576,test
hf-145585,train
hf-145586,train
hf-145587,validation
hf-145589,train
hf-145596,train
hf-145601,test
hf-145604,train
hf-145608,train
hf-145612,train
hf-145618,validation
hf-145620,train
hf-145625,test
hf-145628,train
hf-145634,train
hf-145637,train
hf-145653,test
hf-145654,train
hf-145675,test
hf-145683,train
hf-14569,test
hf-145692,validation
hf-145693,validation
hf-145694,train
hf-1457,validation
hf-145709,test
hf-145718,train
hf-145720,train
hf-145729,train
hf-145752,validation
hf-145761,test
hf-145775,train
hf-145782,train
hf-145784,train
hf-145803,train
hf-145822,train
hf-14583,train
hf-145848,validation
hf-145863,train
hf-145864,train
hf-145868,test
hf-145885,train
hf-145892,validation
hf-145910,train
hf-145917,validation
hf-145918,train
hf-145924,train
hf-145943,validation
hf-145960,train
hf-145962,train
hf-14597,train
hf-145975,train
hf-145990,train
hf-1460,validation
hf-146005,test
hf-146043,train
hf-146050,train
hf-146056,train
hf-146067,train
hf-14607,train
hf-146075,train
hf-146099,train
hf-146110,train
hf-146113,test
hf-146119,train
hf-146121,validation
hf-146163,train
hf-146173,validation
hf-146180,test
hf-146183,test
hf-146192,test
hf-146202,train
hf-146212,train
hf-146225,test
hf-146226,train
hf-146234,train
hf-146241,train
hf-146246,test
hf-146247,test
hf-146263,validation
hf-146269,train
hf-146273,test
hf-146283,train
hf-146293,train
hf-146295,train
hf-146302,train
hf-146304,train
hf-14631,train
hf-146311,test
hf-146315,test
hf-14634,validation
hf-146364,train
hf-146369,validation
hf-146374,test
hf-146377,train
hf-146386,test
hf-146388,train
hf-146391,test
hf-146394,train
hf-14641,train
hf-146416,train
hf-146420,test
hf-14643,validation
hf-146439,train
hf-146443,train
hf-146454,train
hf-146465,train
hf-146467,train
hf-14648,test
hf-14651,train
hf-146510,validation
hf-146526,train
hf-146531,validation
hf-146541,train
hf-146542,train
hf-14655,train
hf-146554,train
hf-146555,train
hf-146560,test
hf-146570,train
hf-146571,test
hf-146581,train
hf-146608,test
hf-146610,train
hf-146614,train
hf-146627,train
hf-146631,train
hf-146644,train
hf-146659,validation
hf-146669,validation
hf-146674,train
hf-146679,train
hf-146682,train
hf-146685,validation
hf-146688,train
hf-14669,train
hf-14670,train
hf-146703,train
hf-146712,train
hf-146714,train
hf-146725,validation
hf-146751,train
hf-146760,validation
hf-146772,test
hf-146773,validation
hf-146786,validation
hf-146796,train
hf-146798,validation
hf-146811,train
hf-146817,test
hf-146846,train
hf-14685,test
hf-146860,train
hf-14687,test
hf-146899,validation
hf-146900,validation
hf-146902,test
hf-146906,test
hf-146913,test
hf-146916,train
hf-146921,train
hf-146931,train
hf-146952,test
hf-146993,train
hf-146994,train
hf-147000,validation
hf-14701,train
hf-147024,test
hf-147042,train
hf-147043,train
hf-147045,train
hf-147047,train
hf-147058,validation
hf-147077,validation
hf-14708,train
hf-147103,train
hf-147137,validation
hf-147152,test
hf-147159,test
hf-147165,test
hf-147166,train
hf-147174,train
hf-1472,train
hf-147210,test
hf-147211,train
hf-147221,train
hf-147231,test
hf-147238,train
hf-14724,train
hf-147246,train
hf-147248,validation
hf-147265,train
hf-147267,train
hf-147271,train
hf-147277,train
hf-14728,test
hf-147283,test
hf-147287,test
hf-147290,validation
hf-147299,train
hf-147319,validation
hf-147323,train
hf-14733,train
hf-147332,test
hf-147340,train
hf-147365,test
hf-147381,train
hf-147388,train
hf-147396,train
hf-147409,train
hf-147413,train
hf-147416,test
hf-147457,train
hf-147461,validation
hf-147463,train
hf-147465,train
hf-147467,train
hf-147474,train
hf-147482,train
hf-147487,train
hf-147490,test
hf-147511,train
hf-147536,test
hf-147549,test
hf-147560,train
hf-147565,train
hf-147579,validation
hf-147593,train
hf-147597,train
hf-147601,train
hf-147617,train
hf-147626,train
hf-147648,test
hf-147657,train
hf-147676,train
hf-147683,validation
hf-147695,train
hf-147698,train
hf-147700,train
hf-147705,test
hf-147746,test
hf-147751,train
hf-14776,train
hf-147760,train
hf-14777,train
hf-147786,train
hf-147790,train
hf-147799,train
hf-147813,train
hf-147819,train
hf-14782,train
hf-147830,test
hf-147844,test
hf-147852,train
hf-147880,train
hf-147889,train
hf-147895,train
hf-147911,train
hf-147913,train
hf-147922,validation
hf-14793,train
hf-147936,train
hf-147939,validation
hf-14797,validation
hf-147984,validation
hf-147992,test
hf-148009,train
hf-148020,test
hf-148045,train
hf-148070,train
hf-148079,train
hf-148082,train
hf-148086,train
hf-148089,train
hf-148093,train
hf-148109,train
hf-148111,validation
hf-148118,train
hf-148124,train
hf-148137,train
hf-14814,train
hf-148150,train
hf-14816,train
hf-148160,train
hf-148161,validation
hf-148162,train
hf-148164,train
hf-148195,validation
hf-1482,train
hf-148217,train
hf-148238,train
hf-148247,validation
hf-148253,validation
hf-148257,train
hf-148279,train
hf-148282,train
hf-148290,validation
hf-148295,train
hf-148297,train
hf-148305,test
hf-148306,validation
hf-14831,train
hf-148311,train
hf-148317,validation
hf-148324,train
hf-148328,train
hf-148333,test
hf-148362,test
hf-148364,train
hf-148375,train
hf-148386,train
hf-148387,validation
hf-148389,validation
hf-148394,validation
hf-148399,test
hf-148423,test
hf-148427,train
hf-148433,validation
hf-148436,train
hf-148452,validation
hf-148454,train
hf-148465,test
hf-148490,test
hf-148503,train
hf-148534,train
hf-14854,train
hf-148548,validation
hf-14856,train
hf-148560,train
hf-148563,validation
hf-148565,train
hf-148574,train
hf-148581,train
hf-148593,test
hf-148603,train
hf-148626,train
hf-148629,train
hf-148631,train
hf-148645,train
hf-148654,validation
hf-148658,validation
hf-148663,train
hf-14868,test
hf-148685,test
hf-148689,test
hf-148697,train
hf-148701,test
hf-148711,test
hf-148718,validation
hf-148725,train
hf-148729,test
hf-148735,test
hf-148759,validation
hf-148768,train
hf-148770,validation
hf-148774,train
hf-148783,train
hf-148784,train
hf-148793,train
hf-148796,validation
hf-148800,test
hf-148818,train
hf-14882,train
hf-148843,train
hf-148864,validation
hf-148893,test
hf-148899,test
hf-148903,train
hf-148905,train
hf-148908,train
hf-148915,test
hf-148927,train
hf-148934,train
hf-148936,train
hf-14894,validation
hf-148950,train
hf-148954,train
hf-148965,train
hf-148974,test
hf-149050,train
hf-149053,train
hf-14907,train
hf-149077,validation
hf-149078,validation
hf-149079,validation
hf-149090,test
hf-1491,train
hf-149102,train
hf-14911,train
hf-149113,train
hf-149116,test
hf-149125,train
hf-14913,train
hf-149156,test
hf-149175,train
hf-149183,train
hf-149200,train
hf-149221,train
hf-149231,train
hf-149233,train
hf-149261,validation
hf-149268,train
hf-149273,train
hf-149274,train
hf-149277,train
hf-14928,train
hf-149285,train
hf-149289,validation
hf-14930,test
hf-149301,train
hf-149313,train
hf-14932,train
hf-149322,train
hf-149335,train
hf-149346,train
hf-149350,train
hf-149354,train
hf-149364,test
hf-149365,test
hf-149373,train
hf-149375,train
hf-149384,validation
hf-149418,train
hf-14943,train
hf-149431,train
hf-149443,validation
hf-149448,test
hf-149452,train
hf-149457,train
hf-149461,train
hf-149469,validation
hf-149472,train
hf-149478,train
hf-149489,train
hf-149495,train
hf-149498,train
hf-149515,train
hf-149518,train
hf-149529,validation
hf-149544,train
hf-149550,train
hf-14956,train
hf-149560,validation
hf-149566,train
hf-149573,test
hf-149574,train
hf-149577,validation
hf-149584,train
hf-14961,train
hf-149628,validation
hf-149657,validation
hf-149666,train
hf-149672,train
hf-149677,train
hf-149679,train
hf-149696,train
hf-149704,validation
hf-149707,train
hf-14973,test
hf-149735,train
hf-149736,test
hf-149751,test
hf-149753,train
hf-149766,test
hf-149772,test
hf-149773,validation
hf-149784,train
hf-1498,train
hf-149811,test
hf-149813,train
hf-14983,test
hf-149860,test
hf-149861,train
hf-149864,test
hf-149866,validation
hf-149867,train
hf-149869,train
hf-149879,train
hf-149880,train
hf-149901,train
hf-149903,train
hf-149906,train
hf-149925,train
hf-149926,train
hf-14993,train
hf-149943,train
hf-149980,validation
hf-149983,test
hf-15000,train
hf-150003,train
hf-15001,validation
hf-150033,train
hf-150040,train
hf-150045,train
hf-150062,train
hf-150063,test
hf-150073,train
hf-150123,train
hf-150124,train
hf-150125,validation
hf-150130,train
hf-150157,test
hf-150164,test
hf-150181,test
hf-150189,test
hf-150205,train
hf-150207,train
hf-150208,train
hf-150221,validation
hf-150222,train
hf-150228,train
hf-150237,train
hf-150255,train
hf-150261,test
hf-150275,train
hf-150289,train
hf-150304,test
hf-150306,test
hf-150321,test
hf-150341,train
hf-150354,test
hf-150366,train
hf-150367,train
hf-150373,train
hf-150374,test
hf-150388,test
hf-150420,test
hf-150428,train
hf-15043,train
hf-150431,train
hf-150436,train
hf-15045,validation
hf-150455,train
hf-150458,validation
hf-150463,test
hf-150465,train
hf-150489,test
hf-150492,train
hf-150523,train
hf-15053,validation
hf-150532,train
hf-150536,train
hf-150538,train
hf-15054,test
hf-150541,test
hf-150544,test
hf-150546,test
hf-150547,train
hf-150551,train
hf-150570,train
hf-150573,train
hf-150577,train
hf-150579,validation
hf-15059,train
hf-150592,train
hf-150607,train
hf-150610,train
hf-150616,train
hf-15062,validation
hf-150632,train
hf-150637,train
hf-150641,validation
hf-150649,train
hf-150654,train
hf-150659,train
hf-15066,train
hf-150661,validation
hf-150670,train
hf-15069,validation
hf-150699,train
hf-150700,train
hf-150701,train
hf-150707,train
hf-150711,test
hf-150715,train
hf-150717,train
hf-150718,train
hf-150764,train
hf-150773,validation
hf-150776,train
hf-150778,train
hf-150785,validation
hf-150787,test
hf-150788,validation
hf-150804,train
hf-150821,train
hf-150822,train
hf-150833,train
hf-150841,test
hf-150844,test
hf-150851,train
hf-150858,test
hf-150864,train
hf-150878,test
hf-150883,test
hf-150888,train
hf-150889,train
hf-150904,test
hf-150905,train
hf-150914,train
hf-150921,train
hf-150926,train
hf-150933,train
hf-150950,train
hf-150988,train
hf-150991,test
hf-151000,validation
hf-151007,train
hf-151008,test
hf-151018,test
hf-151030,validation
hf-151037,train
hf-151038,train
hf-151044,train
hf-151054,train
hf-151059,train
hf-151087,train
hf-151089,validation
hf-15109,validation
hf-151102,train
hf-151112,train
hf-151113,train
hf-151129,train
hf-151130,train
hf-151132,train
hf-151158,train
hf-151165,test
hf-151193,train
hf-151201,validation
hf-151203,train
hf-15121,validation
hf-151216,train
hf-151222,validation
hf-151223,train
hf-151227,test
hf-151239,train
hf-15124,train
hf-151241,test
hf-151245,train
hf-15125,train
hf-15128,train
hf-151280,train
hf-151296,train
hf-151299,train
hf-15131,train
hf-151310,train
hf-151319,test
hf-151320,train
hf-151343,train
hf-151349,train
hf-151359,train
hf-151369,train
hf-15140,validation
hf-151414,train
hf-151426,train
hf-151431,validation
hf-151456,train
hf-15149,test
hf-151505,train
hf-151526,train
hf-151527,train
hf-151533,train
hf-151554,train
hf-15156,train
hf-151574,train
hf-15158,validation
hf-151588,validation
hf-151589,train
hf-151605,validation
hf-151621,test
hf-15163,train
hf-151648,validation
hf-151652,train
hf-151656,validation
hf-151665,validation
hf-151669,train
hf-151675,validation
hf-151683,validation
hf-151684,test
hf-151705,train
hf-151715,test
hf-151722,train
hf-151745,test
hf-151767,validation
hf-151769,train
hf-15177,train
hf-151798,test
hf-151802,train
hf-151811,train
hf-151815,validation
hf-151818,train
hf-151830,test
hf-151832,validation
hf-151839,test
hf-15184,train
hf-151853,train
hf-151857,train
hf-151860,test
hf-151865,train
hf-151873,validation
hf-151897,validation
hf-151898,train
hf-151906,validation
hf-151915,train
hf-151916,test
hf-151919,train
hf-151932,train
hf-151945,train
hf-15196,train
hf-151961,train
hf-151969,train
hf-151979,train
hf-151980,train
hf-151981,validation
hf-15199,test
hf-151991,test
hf-151996,validation
hf-152001,train
hf-152004,test
hf-152006,train
hf-152022,train
hf-152028,validation
hf-152029,train
hf-152034,train
hf-152039,train
hf-152040,validation
hf-152042,train
hf-152051,train
hf-152052,test
hf-152063,train
hf-152087,train
hf-152089,validation
hf-152102,train
hf-152107,train
hf-15212,validation
hf-152124,train
hf-152148,validation
hf-152176,train
hf-152178,train
hf-152203,train
hf-152207,train
hf-152209,validation
hf-152226,test
hf-152229,validation
hf-152232,validation
hf-152238,validation
hf-152244,train
hf-152257,test
hf-152258,train
hf-15226,test
hf-152274,train
hf-15228,train
hf-152285,validation
hf-15229,train
hf-152298,test
hf-152326,train
hf-152341,train
hf-152342,validation
hf-15236,test
hf-152369,test
hf-15240,test
hf-152401,train
hf-152416,validation
hf-152426,validation
hf-152449,test
hf-152479,validation
hf-152484,train
hf-152490,train
hf-152500,validation
hf-152511,train
hf-152513,test
hf-152537,train
hf-152544,train
hf-152549,train
hf-152558,validation
hf-15256,train
hf-152567,validation
hf-152569,train
hf-152592,validation
hf-152595,test
hf-152607,train
hf-152610,validation
hf-152615,train
hf-15262,train
hf-152625,train
hf-152631,test
hf-152667,test
hf-152668,train
hf-152673,train
hf-152690,train
hf-152692,validation
hf-152705,train
hf-152725,test
hf-152733,validation
hf-152743,train
hf-152761,validation
hf-152762,train
hf-152763,train
hf-152775,train
hf-152795,train
hf-152806,train
hf-152815,train
hf-152822,validation
hf-152850,test
hf-152875,validation
hf-152878,test
hf-152891,test
hf-152893,validation
hf-152905,validation
hf-152906,test
hf-15291,train
hf-152912,train
hf-152913,validation
hf-152932,test
hf-152938,test
hf-15295,train
hf-152995,train
hf-152999,validation
hf-153008,train
hf-15304,train
hf-153044,test
hf-153047,train
hf-153052,validation
hf-153056,train
hf-153074,train
hf-153086,test
hf-153091,train
hf-153122,train
hf-153141,train
hf-153167,train
hf-153171,train
hf-153180,train
hf-153182,train
hf-153184,train
hf-153185,train
hf-153203,train
hf-153220,train
hf-153225,test
hf-153244,train
hf-153246,train
hf-153258,train
hf-153263,train
hf-153280,train
hf-153281,train
hf-153286,test
hf-153287,train
hf-153298,train
hf-153305,test
hf-153308,train
hf-153312,train
hf-153355,train
hf-153356,test
hf-153382,train
hf-153387,train
hf-153399,validation
hf-15340,train
hf-153423,test
hf-153424,train
hf-153440,validation
hf-153447,test
hf-15345,test
hf-153452,train
hf-153458,train
hf-153474,test
hf-153479,test
hf-153487,train
hf-153518,train
hf-153521,test
hf-153532,train
hf-15354,train
hf-153546,validation
hf-153556,train
hf-153563,train
hf-153574,train
hf-153580,train
hf-153589,train
hf-153595,train
hf-153610,train
hf-153626,train
hf-153639,train
hf-153642,train
hf-153647,train
hf-153653,train
hf-153664,validation
hf-153684,train
hf-153712,train
hf-153713,train
hf-153715,validation
hf-153717,validation
hf-153725,train
hf-153736,train
hf-153743,validation
hf-153744,train
hf-153749,train
hf-153759,train
hf-153767,validation
hf-15377,train
hf-153770,train
hf-153793,validation
hf-153795,test
hf-153803,train
hf-153811,train
hf-153828,test
hf-153830,test
hf-153831,validation
hf-153872,train
hf-153875,train
hf-153876,validation
hf-153879,train
hf-153883,train
hf-153885,train
hf-153897,test
hf-153932,test
hf-153964,validation
hf-153981,train
hf-153997,validation
hf-154001,test
hf-154002,test
hf-154020,test
hf-154022,train
hf-15403,train
hf-154032,train
hf-154058,train
hf-154059,train
hf-154071,train
hf-154093,train
hf-154095,train
hf-154124,test
hf-15413,validation
hf-154134,train
hf-154140,train
hf-154141,validation
hf-154156,train
hf-154159,train
hf-154165,test
hf-154180,train
hf-154183,test
hf-154187,train
hf-154198,test
hf-15422,train
hf-154231,train
hf-154237,validation
hf-15424,test
hf-154257,train
hf-154262,train
hf-154263,train
hf-154264,train
hf-154284,train
hf-154295,validation
hf-154299,train
hf-1543,train
hf-154301,validation
hf-154319,test
hf-154321,test
hf-154329,train
hf-154338,test
hf-154385,train
hf-154388,train
hf-154398,train
hf-154405,train
hf-154416,train
hf-154429,test
hf-154431,test
hf-154440,train
hf-154469,train
hf-154471,train
hf-154475,validation
hf-154486,train
hf-15450,validation
hf-154502,train
hf-154505,train
hf-154512,train
hf-154521,test
hf-154542,train
hf-154543,train
hf-154545,test
hf-154549,validation
hf-154564,validation
hf-154588,train
hf-154618,test
hf-154639,train
hf-154643,train
hf-154650,test
hf-15466,train
hf-154660,test
hf-154670,test
hf-154690,train
hf-154691,train
hf-154697,train
hf-154699,train
hf-154703,test
hf-15472,test
hf-154727,train
hf-154754,validation
hf-15476,train
hf-154764,train
hf-154775,train
hf-15482,train
hf-154830,test
hf-154831,train
hf-154837,validation
hf-154853,train
hf-154862,train
hf-154867,train
hf-154882,test
hf-154887,train
hf-154905,train
hf-154924,train
hf-154928,train
hf-154930,train
hf-154938,validation
hf-154951,test
hf-154952,validation
hf-154990,train
hf-1550,train
hf-155003,train
hf-155006,train
hf-155014,train
hf-155042,train
hf-155051,train
hf-155057,train
hf-155060,train
hf-155068,validation
hf-155069,validation
hf-155074,train
hf-155083,train
hf-155086,train
hf-155089,validation
hf-155100,train
hf-155115,train
hf-155120,train
hf-155132,test
hf-15514,test
hf-155144,validation
hf-155150,train
hf-155151,train
hf-15516,train
hf-155173,validation
hf-155175,train
hf-155177,validation
hf-155188,train
hf-155191,validation
hf-155225,train
hf-155232,validation
hf-155245,train
hf-15525,test
hf-155253,train
hf-155263,train
hf-155264,train
hf-15527,train
hf-155273,train
hf-155279,test
hf-155286,train
hf-155291,train
hf-155308,test
hf-155313,train
hf-155318,train
hf-155320,train
hf-155340,train
hf-155357,test
hf-155360,train
hf-155363,train
hf-155372,train
hf-155375,train
hf-155378,test
hf-155379,validation
hf-1554,train
hf-155401,validation
hf-155416,test
hf-155441,validation
hf-155449,train
hf-155458,test
hf-155466,train
hf-155475,train
hf-155481,train
hf-155483,train
hf-155487,train
hf-155490,test
hf-155504,test
hf-155536,validation
hf-155546,train
hf-155552,validation
hf-155554,train
hf-155562,test
hf-155564,train
hf-155574,train
hf-155581,test
hf-155582,test
hf-155597,train
hf-155599,train
hf-15560,train
hf-155601,train
hf-155602,test
hf-155613,train
hf-155622,validation
hf-155631,validation
hf-155643,train
hf-155655,test
hf-155667,train
hf-155668,test
hf-155677,train
hf-155682,test
hf-155688,train
hf-155689,test
hf-155696,train
hf-15570,train
hf-155702,test
hf-155704,test
hf-155723,train
hf-155724,train
hf-155734,validation
hf-155735,train
hf-155736,validation
hf-155740,train
hf-155754,train
hf-155763,train
hf-155776,validation
hf-155783,train
hf-15579,train
hf-155792,train
hf-155798,train
hf-15580,validation
hf-155813,train
hf-155834,validation
hf-15585,train
hf-155867,validation
hf-155870,train
hf-155881,train
hf-155901,test
hf-155905,train
hf-155913,validation
hf-155919,test
hf-155920,train
hf-155943,train
hf-155950,train
hf-15596,train
hf-155962,validation
hf-155969,train
hf-155971,train
hf-156012,test
hf-156013,train
hf-15602,validation
hf-156023,train
hf-156030,validation
hf-156051,train
hf-156057,train
hf-156063,train
hf-156068,train
hf-15608,train
hf-156081,validation
hf-156089,train
hf-156093,validation
hf-156097,test
hf-156135,train
hf-156138,test
hf-156147,train
hf-156164,train
hf-156182,train
hf-15619,train
hf-156193,test
hf-156194,test
hf-15621,train
hf-156213,test
hf-156222,train
hf-156227,train
hf-156230,train
hf-156237,train
hf-156240,train
hf-156246,validation
hf-156256,test
hf-15627,train
hf-156277,train
hf-156289,train
hf-156290,test
hf-156296,train
hf-156308,train
hf-156338,test
hf-156346,test
hf-15635,test
hf-156350,validation
hf-156351,test
hf-156353,train
hf-156358,validation
hf-156386,validation
hf-156396,train
hf-156397,train
hf-156402,train
hf-156407,test
hf-156413,train
hf-156432,train
hf-156449,train
hf-15645,train
hf-156452,test
hf-156487,validation
hf-156490,validation
hf-156503,train
hf-156512,train
hf-156513,test
hf-156521,train
hf-156525,test
hf-156528,train
hf-15653,validation
hf-156532,test
hf-156536,test
hf-156560,train
hf-15657,validation
hf-156570,train
hf-15658,validation
hf-156587,validation
hf-156588,train
hf-1566,train
hf-156602,train
hf-156627,validation
hf-15666,train
hf-156664,test
hf-156679,validation
hf-156702,train
hf-156703,test
hf-156704,train
hf-15671,train
hf-156711,test
hf-156713,test
hf-156714,train
hf-156763,train
hf-156768,train
hf-156772,train
hf-156781,train
hf-156784,test
hf-15680,validation
hf-156815,train
hf-156818,train
hf-156819,train
hf-156825,train
hf-156841,train
hf-15686,train
hf-156865,train
hf-156875,train
hf-156877,train
hf-156897,train
hf-156908,train
hf-156928,test
hf-156938,train
hf-156969,train
hf-156970,train
hf-156978,train
hf-156993,validation
hf-157001,validation
hf-157037,train
hf-157038,train
hf-157042,train
hf-157047,validation
hf-15705,validation
hf-157057,validation
hf-157067,validation
hf-157069,train
hf-157080,test
hf-157081,train
hf-157087,test
hf-157088,train
hf-157103,test
hf-157115,train
hf-157124,train
hf-157135,train
hf-157137,train
hf-157140,test
hf-157145,train
hf-157165,validation
hf-157182,train
hf-157183,test
hf-157194,validation
hf-1572,test
hf-157222,test
hf-157242,train
hf-15725,validation
hf-157252,validation
hf-157264,validation
hf-15728,train
hf-157316,train
hf-157319,train
hf-157320,train
hf-157322,train
hf-157328,test
hf-157330,test
hf-157333,validation
hf-157342,train
hf-157361,train
hf-15737,train
hf-157371,train
hf-157379,train
hf-157391,train
hf-157403,validation
hf-15742,train
hf-157428,test
hf-157434,train
hf-157452,validation
hf-157453,train
hf-157463,train
hf-157474,train
hf-157475,validation
hf-157478,test
hf-157480,train
hf-157486,train
hf-157497,train
hf-1575,test
hf-157518,train
hf-157520,train
hf-157524,train
hf-157525,validation
hf-157526,train
hf-157532,train
hf-157538,train
hf-157545,train
hf-15755,validation
hf-157560,train
hf-157562,validation
hf-157565,train
hf-157582,train
hf-1576,train
hf-15760,test
hf-15761,test
hf-157621,validation
hf-157632,train
hf-157641,train
hf-157644,train
hf-157645,train
hf-157654,train
hf-157662,train
hf-157664,train
hf-157667,train
hf-157670,validation
hf-157683,train
hf-157696,validation
hf-157699,train
hf-157707,validation
hf-157721,test
hf-157735,train
hf-157750,train
hf-157760,train
hf-157765,train
hf-15777,validation
hf-157772,train
hf-157778,test
hf-157781,validation
hf-157787,train
hf-157830,validation
hf-157851,train
hf-157868,train
hf-157872,train
hf-157876,train
hf-157886,validation
hf-157896,train
hf-157899,validation
hf-157902,validation
hf-157906,train
hf-157910,test
hf-157922,test
hf-157923,train
hf-157927,train
hf-157941,test
hf-157946,train
hf-157947,validation
hf-157960,test
hf-157962,train
hf-157963,test
hf-157973,test
hf-157974,validation
hf-15798,train
hf-157983,train
hf-157987,train
hf-157994,train
hf-158003,validation
hf-158016,validation
hf-158023,train
hf-158033,train
hf-158034,train
hf-158052,test
hf-158056,train
hf-158058,validation
hf-158063,train
hf-158078,train
hf-158089,validation
hf-158093,train
hf-158119,validation
hf-158130,test
hf-158143,train
hf-158154,validation
hf-158173,train
hf-15818,train
hf-158182,train
hf-158192,test
hf-158195,test
hf-158197,validation
hf-15821,test
hf-158217,train
hf-158227,test
hf-158236,validation
hf-158257,train
hf-158267,train
hf-158269,train
hf-15827,train
hf-158279,validation
hf-158314,train
hf-15832,train
hf-158322,validation
hf-158325,test
hf-158352,train
hf-158353,validation
hf-158393,train
hf-158427,train
hf-158446,train
hf-15845,train
hf-158472,validation
hf-158493,train
hf-15850,train
hf-158504,test
hf-158505,validation
hf-158518,test
hf-158519,train
hf-158521,train
hf-158523,train
hf-158535,test
hf-158539,train
hf-158549,test
hf-158570,train
hf-158588,train
hf-158597,validation
hf-158603,train
hf-158608,train
hf-158613,train
hf-158615,train
hf-158619,train
hf-158628,train
hf-158639,train
hf-158644,train
hf-15865,train
hf-158653,validation
hf-15866,validation
hf-158664,train
hf-158672,validation
hf-158695,train
hf-158711,train
hf-158723,test
hf-158725,test
hf-158726,train
hf-158752,train
hf-158753,train
hf-158759,train
hf-158793,train
hf-158795,train
hf-158807,train
hf-158819,test
hf-158824,test
hf-158837,train
hf-15884,train
hf-158841,validation
hf-158844,validation
hf-158855,validation
hf-158861,train
hf-158862,test
hf-158864,train
hf-158865,validation
hf-158875,test
hf-158895,train
hf-158898,train
hf-158902,validation
hf-158914,validation
hf-158923,train
hf-158933,test
hf-158945,test
hf-158953,train
hf-158962,train
hf-158963,validation
hf-158973,train
hf-158981,train
hf-158983,train
hf-15906,train
hf-159061,train
hf-159062,train
hf-159078,train
hf-159089,train
hf-159097,test
hf-159100,test
hf-159108,test
hf-159112,train
hf-159132,train
hf-159145,train
hf-159157,test
hf-159161,train
hf-159169,train
hf-159181,train
hf-159182,train
hf-15919,validation
hf-15920,test
hf-159209,train
hf-159219,validation
hf-159227,validation
hf-159228,test
hf-159232,train
hf-159241,train
hf-159243,test
hf-159246,validation
hf-15925,train
hf-159250,train
hf-159252,test
hf-159258,train
hf-159268,validation
hf-159269,train
hf-159275,validation
hf-159278,validation
hf-159297,test
hf-159320,validation
hf-159336,validation
hf-159349,validation
hf-15937,validation
hf-159381,train
hf-159383,train
hf-159414,train
hf-159416,test
hf-159421,train
hf-159437,validation
hf-159439,train
hf-159477,test
hf-159480,train
hf-159490,train
hf-159496,test
hf-159500,train
hf-159505,train
hf-159508,train
hf-159520,train
hf-159521,train
hf-159540,test
hf-159541,train
hf-159554,validation
hf-159563,validation
hf-159565,validation
hf-159571,train
hf-159572,test
hf-159592,train
hf-15962,test
hf-159633,test
hf-159641,train
hf-159650,train
hf-159663,train
hf-159664,test
hf-159667,validation
hf-159678,train
hf-159680,train
hf-159691,validation
hf-159702,validation
hf-159723,train
hf-159727,train
hf-159744,train
hf-159749,train
hf-159759,test
hf-159761,test
hf-159763,test
hf-15977,validation
hf-159778,train
hf-15978,validation
hf-159782,train
hf-159785,validation
hf-159786,validation
hf-159792,train
hf-15980,train
hf-159803,validation
hf-15982,validation
hf-159832,train
hf-159848,train
hf-159853,test
hf-159867,validation
hf-159881,train
hf-159885,validation
hf-159908,train
hf-159921,train
hf-159951,train
hf-15996,train
hf-159963,test
hf-159966,train
hf-15999,validation
hf-160013,train
hf-160021,train
hf-160043,test
hf-160052,test
hf-160053,test
hf-16006,train
hf-160062,train
hf-160069,test
hf-160073,test
hf-160082,train
hf-160093,validation
hf-160098,validation
hf-160104,validation
hf-160109,test
hf-160110,test
hf-160114,train
hf-160117,test
hf-16012,test
hf-160136,train
hf-160137,train
hf-160152,train
hf-160162,train
hf-160173,train
hf-16018,train
hf-160184,validation
hf-160187,train
hf-160189,train
hf-160192,test
hf-160208,validation
hf-16021,train
hf-16022,train
hf-160226,test
hf-160227,train
hf-160228,train
hf-160234,train
hf-160236,train
hf-160238,validation
hf-160254,test
hf-160260,validation
hf-160263,train
hf-160268,train
hf-160278,train
hf-16028,train
hf-160289,train
hf-160292,train
hf-160308,train
hf-160314,test
hf-160318,train
hf-160320,train
hf-160326,train
hf-160341,train
hf-160352,validation
hf-160360,test
hf-160362,train
hf-160377,train
hf-160385,validation
hf-160390,train
hf-160395,train
hf-160404,test
hf-16042,test
hf-160421,train
hf-160435,train
hf-16046,train
hf-160467,test
hf-160470,train
hf-160496,train
hf-16051,train
hf-160511,train
hf-160518,test
hf-160522,train
hf-160546,train
hf-160547,train
hf-160572,validation
hf-160584,train
hf-160586,train
hf-160590,validation
hf-160592,validation
hf-160605,test
hf-160640,test
hf-160645,validation
hf-160653,train
hf-160654,train
hf-160675,train
hf-160683,train
hf-160693,validation
hf-160696,test
hf-160706,train
hf-160715,validation
hf-160718,validation
hf-160742,test
hf-160753,validation
hf-160771,train
hf-160775,test
hf-1608,train
hf-160812,train
hf-160819,train
hf-160836,validation
hf-16084,train
hf-160848,train
hf-160860,validation
hf-160862,train
hf-160872,train
hf-160879,validation
hf-160888,validation
hf-160894,validation
hf-160902,validation
hf-160914,train
hf-160928,train
hf-160935,train
hf-160938,train
hf-160948,validation
hf-16095,test
hf-160952,train
hf-160954,train
hf-160956,train
hf-16096,train
hf-160972,train
hf-160975,train
hf-161002,train
hf-161004,validation
hf-161005,validation
hf-161008,validation
hf-161017,test
hf-161027,validation
hf-161029,test
hf-16103,train
hf-161035,test
hf-161039,test
hf-16104,test
hf-161060,train
hf-161063,train
hf-161067,train
hf-161078,train
hf-161087,validation
hf-161101,train
hf-161102,validation
hf-161114,train
hf-161121,validation
hf-161129,test
hf-161138,train
hf-161142,train
hf-161144,train
hf-161152,test
hf-161157,test
hf-161180,train
hf-161191,train
hf-161221,validation
hf-161222,train
hf-161223,validation
hf-161224,validation
hf-161225,train
hf-161228,train
hf-161233,train
hf-161250,test
hf-161252,train
hf-161256,train
hf-16126,train
hf-161281,train
hf-161282,train
hf-161291,train
hf-161294,train
hf-161299,validation
hf-16131,test
hf-161312,train
hf-161341,test
hf-161342,train
hf-161343,test
hf-161349,validation
hf-161365,validation
hf-161370,train
hf-161383,train
hf-161388,train
hf-161399,test
hf-161410,train
hf-161413,test
hf-16143,train
hf-161432,test
hf-16144,train
hf-16145,validation
hf-161452,train
hf-161470,train
hf-161483,test
hf-161488,train
hf-16150,validation
hf-161500,train
hf-161522,train
hf-161530,train
hf-161533,train
hf-161535,train
hf-161536,train
hf-161539,train
hf-161542,train
hf-161562,train
hf-161570,validation
hf-161573,train
hf-161596,train
hf-161621,validation
hf-161625,validation
hf-161628,validation
hf-161629,validation
hf-16163,test
hf-161666,test
hf-161670,validation
hf-161675,test
hf-161679,validation
hf-16168,train
hf-161680,train
hf-161683,validation
hf-161686,validation
hf-161702,train
hf-161706,test
hf-161714,train
hf-161718,train
hf-161723,train
hf-161736,train
hf-161739,train
hf-161744,validation
hf-161755,train
hf-161757,validation
hf-161758,train
hf-161795,validation
hf-161798,train
hf-161800,train
hf-161812,train
hf-161827,validation
hf-161828,train
hf-161831,train
hf-161839,train
hf-161843,train
hf-161848,train
hf-16185,train
hf-161883,train
hf-16189,validation
hf-161896,validation
hf-16190,test
hf-161903,validation
hf-161909,train
hf-161921,train
hf-161923,train
hf-161924,test
hf-161936,train
hf-161937,train
hf-161942,test
hf-161963,test
hf-161967,train
hf-161973,test
hf-161978,train
hf-161981,train
hf-161982,validation
hf-161993,train
hf-161996,train
hf-16200,validation
hf-162005,train
hf-162015,test
hf-162017,validation
hf-162023,train
hf-162029,validation
hf-162032,test
hf-162038,train
hf-162064,train
hf-162066,test
hf-162089,train
hf-16212,train
hf-162131,train
hf-162134,test
hf-16218,test
hf-162200,train
hf-162202,train
hf-162219,train
hf-162233,test
hf-162239,validation
hf-162242,train
hf-162244,train
hf-162251,validation
hf-162259,train
hf-162269,test
hf-16227,train
hf-162279,validation
hf-162283,train
hf-162284,train
hf-162306,train
hf-162311,validation
hf-162314,validation
hf-162324,validation
hf-162335,train
hf-16234,test
hf-162364,train
hf-162365,train
hf-162370,train
hf-162372,test
hf-162393,test
hf-162394,train
hf-162398,test
hf-162438,test
hf-162454,test
hf-162456,train
hf-162464,train
hf-16247,train
hf-162474,train
hf-162481,train
hf-162484,train
hf-162494,validation
hf-162495,train
hf-162501,train
hf-162521,train
hf-162526,validation
hf-162535,train
hf-162548,train
hf-162558,train
hf-162567,train
hf-162572,train
hf-162586,validation
hf-162588,train
hf-162599,validation
hf-162605,train
hf-162608,validation
hf-16261,train
hf-162612,train
hf-162619,test
hf-162646,train
hf-162651,train
hf-162660,test
hf-162675,train
hf-162688,train
hf-162700,train
hf-162702,train
hf-162706,test
hf-162714,train
hf-162717,test
hf-162720,train
hf-162722,validation
hf-162726,train
hf-162731,train
hf-162752,train
hf-162758,train
hf-162773,test
hf-162796,train
hf-16280,train
hf-162803,train
hf-162806,train
hf-162812,train
hf-16282,test
hf-162826,train
hf-162842,train
hf-162852,train
hf-162861,train
hf-162863,train
hf-162865,validation
hf-162867,validation
hf-162869,test
hf-162870,test
hf-162871,train
hf-162872,train
hf-162877,test
hf-162879,train
hf-162913,train
hf-162915,validation
hf-162917,train
hf-162921,train
hf-162925,validation
hf-162933,test
hf-162944,train
hf-162947,train
hf-162965,train
hf-162971,validation
hf-162974,train
hf-16298,train
hf-162989,train
hf-16299,test
hf-163003,train
hf-163017,train
hf-16302,validation
hf-163023,validation
hf-163024,train
hf-163034,train
hf-163036,train
hf-163037,test
hf-163043,train
hf-163053,validation
hf-163058,train
hf-163071,train
hf-163074,train
hf-163077,train
hf-163082,validation
hf-163088,train
hf-163089,test
hf-163092,train
hf-163098,train
hf-163113,train
hf-163125,train
hf-163137,test
hf-163138,train
hf-163139,train
hf-16314,test
hf-163156,train
hf-163158,train
hf-163160,train
hf-163178,test
hf-163189,train
hf-16319,validation
hf-163191,train
hf-163194,train
hf-1632,test
hf-163220,validation
hf-163250,train
hf-163264,train
hf-16327,validation
hf-163280,train
hf-163283,train
hf-163306,validation
hf-163318,train
hf-163322,train
hf-163325,validation
hf-163332,validation
hf-163350,train
hf-163368,validation
hf-163382,test
hf-16340,validation
hf-163401,train
hf-163409,validation
hf-163412,test
hf-163415,train
hf-163418,validation
hf-163420,train
hf-16345,train
hf-163471,test
hf-163477,train
hf-163483,train
hf-163488,train
hf-1635,train
hf-163504,train
hf-163509,test
hf-163511,train
hf-163514,test
hf-163522,train
hf-163524,train
hf-16353,train
hf-163566,train
hf-163571,validation
hf-163597,validation
hf-163598,validation
hf-163600,train
hf-163604,train
hf-163620,train
hf-163626,validation
hf-163630,train
hf-163661,train
hf-163671,train
hf-163676,validation
hf-163679,validation
hf-163712,train
hf-163713,train
hf-163720,train
hf-163722,train
hf-163729,train
hf-163730,validation
hf-163740,validation
hf-163749,train
hf-163751,train
hf-163761,test
hf-163765,train
hf-163768,train
hf-163769,train
hf-163770,train
hf-163773,test
hf-163774,validation
hf-163793,test
hf-163809,train
hf-163837,train
hf-163853,train
hf-16386,train
hf-163862,train
hf-163863,train
hf-163866,train
hf-163870,train
hf-163875,test
hf-163889,train
hf-163897,train
hf-163901,train
hf-163907,validation
hf-163908,train
hf-163913,validation
hf-163925,train
hf-163926,train
hf-16393,train
hf-163944,train
hf-163955,train
hf-163964,train
hf-163973,validation
hf-163979,test
hf-163991,train
hf-164,train
hf-164023,train
hf-164034,train
hf-164043,train
hf-164047,validation
hf-164048,validation
hf-164066,train
hf-164073,train
hf-164077,train
hf-164082,train
hf-164098,train
hf-164103,validation
hf-164117,train
hf-164136,validation
hf-164140,test
hf-164142,train
hf-164149,validation
hf-164168,train
hf-164186,train
hf-164188,validation
hf-16419,test
hf-164193,test
hf-164203,test
hf-16421,validation
hf-164219,test
hf-164241,validation
hf-164246,train
hf-164248,train
hf-164252,test
hf-164261,train
hf-164262,train
hf-164264,train
hf-164265,train
hf-164270,test
hf-164274,train
hf-164279,train
hf-164283,train
hf-164284,test
hf-164289,validation
hf-164292,train
hf-164295,test
hf-164296,validation
hf-16430,train
hf-164318,test
hf-164319,test
hf-164323,validation
hf-164347,test
hf-16435,validation
hf-164359,validation
hf-164390,test
hf-164396,train
hf-16440,train
hf-164406,train
hf-164409,validation
hf-164411,train
hf-164426,test
hf-164428,train
hf-164432,train
hf-164433,validation
hf-164437,test
hf-164444,train
hf-164466,train
hf-164469,validation
hf-164471,validation
hf-164475,train
hf-164485,train
hf-164497,train
hf-164511,train
hf-164513,test
hf-164516,train
hf-16452,train
hf-164531,validation
hf-164550,test
hf-164552,validation
hf-164577,test
hf-164589,train
hf-164592,train
hf-164595,train
hf-164599,validation
hf-164614,validation
hf-164618,validation
hf-164619,train
hf-164627,train
hf-164628,train
hf-16463,train
hf-164647,train
hf-164680,train
hf-164684,train
hf-164686,train
hf-164699,train
hf-164705,train
hf-164720,test
hf-164727,train
hf-164755,train
hf-164758,validation
hf-164765,test
hf-164768,train
hf-164779,train
hf-1648,validation
hf-164816,train
hf-164820,train
hf-164836,test
hf-164843,train
hf-164876,train
hf-164880,validation
hf-164893,train
hf-164913,validation
hf-164916,train
hf-164932,validation
hf-164935,train
hf-164938,train
hf-164959,validation
hf-164987,test
hf-164989,train
hf-16499,validation
hf-164992,validation
hf-164996,train
hf-165001,train
hf-165003,train
hf-16502,validation
hf-165038,train
hf-165085,train
hf-165088,train
hf-165093,test
hf-165108,validation
hf-165115,train
hf-165116,train
hf-165117,test
hf-165119,validation
hf-165120,train
hf-165154,train
hf-165158,train
hf-165177,validation
hf-165185,validation
hf-165196,test
hf-16521,train
hf-165219,test
hf-165222,train
hf-165228,validation
hf-165233,train
hf-165238,train
hf-165246,train
hf-165253,validation
hf-165254,train
hf-165258,test
hf-16526,validation
hf-165263,train
hf-165264,test
hf-165270,test
hf-165276,train
hf-165277,train
hf-16529,train
hf-165296,train
hf-165297,test
hf-165299,test
hf-16530,train
hf-165300,train
hf-165312,validation
hf-165325,train
hf-165339,validation
hf-16536,test
hf-165382,test
hf-165394,validation
hf-165395,validation
hf-16540,test
hf-165400,train
hf-165406,train
hf-165419,train
hf-165420,train
hf-165428,test
hf-16543,train
hf-165442,train
hf-165451,validation
hf-165460,validation
hf-165467,train
hf-165468,train
hf-165472,train
hf-165506,validation
hf-165536,train
hf-165537,train
hf-165538,train
hf-165544,train
hf-165548,train
hf-165549,test
hf-165566,validation
hf-165580,validation
hf-165586,train
hf-165589,train
hf-165591,validation
hf-165600,train
hf-16561,train
hf-165626,test
hf-16563,test
hf-16564,train
hf-165650,train
hf-165664,train
hf-165667,train
hf-165681,test
hf-165690,test
hf-165691,train
hf-165717,train
hf-16572,validation
hf-165725,test
hf-165728,train
hf-165736,train
hf-165740,train
hf-165745,train
hf-165748,train
hf-165765,test
hf-165766,train
hf-165770,test
hf-16578,train
hf-165780,train
hf-165786,train
hf-165791,train
hf-165802,validation
hf-165812,train
hf-165821,train
hf-165830,train
hf-165835,validation
hf-16584,train
hf-165845,train
hf-165853,train
hf-165861,validation
hf-165867,validation
hf-165869,train
hf-165889,train
hf-165890,validation
hf-165893,train
hf-1659,validation
hf-16590,test
hf-165901,validation
hf-165904,train
hf-165909,train
hf-165911,train
hf-16592,train
hf-165926,train
hf-16593,train
hf-165933,test
hf-165944,train
hf-165957,train
hf-165959,test
hf-165968,train
hf-165980,test
hf-165985,train
hf-166021,train
hf-166031,train
hf-166037,train
hf-166043,validation
hf-16605,train
hf-166054,test
hf-166057,validation
hf-166074,validation
hf-166085,validation
hf-166089,train
hf-166091,train
hf-166093,train
hf-16610,train
hf-16612,test
hf-166122,train
hf-166124,validation
hf-166140,train
hf-166154,test
hf-166163,train
hf-166167,validation
hf-166170,test
hf-16618,train
hf-166187,validation
hf-166192,train
hf-166203,test
hf-166204,test
hf-166212,train
hf-166218,test
hf-166224,train
hf-166227,train
hf-166235,validation
hf-166237,train
hf-166239,train
hf-166256,train
hf-166258,test
hf-16626,train
hf-166261,train
hf-166281,train
hf-166282,train
hf-166297,validation
hf-166301,test
hf-166303,train
hf-166324,train
hf-166328,train
hf-16633,test
hf-166335,train
hf-166337,train
hf-166344,train
hf-166345,validation
hf-166357,train
hf-166376,train
hf-166377,train
hf-166379,train
hf-166383,train
hf-166389,test
hf-166404,train
hf-166409,train
hf-166450,test
hf-166453,train
hf-166457,test
hf-166475,train
hf-166482,train
hf-166490,test
hf-166494,train
hf-166499,train
hf-166521,train
hf-16653,train
hf-166530,train
hf-166546,train
hf-166547,train
hf-166565,validation
hf-166575,train
hf-166577,train
hf-166583,train
hf-166587,train
hf-166589,validation
hf-166611,train
hf-166615,train
hf-166616,validation
hf-166623,test
hf-166626,validation
hf-166630,validation
hf-166653,train
hf-166656,train
hf-166660,train
hf-166662,train
hf-166688,train
hf-16670,train
hf-166710,train
hf-166726,train
hf-166731,test
hf-166732,test
hf-166756,train
hf-166770,train
hf-166782,train
hf-166784,train
hf-166787,train
hf-166807,train
hf-166820,validation
hf-166840,train
hf-166844,train
hf-166850,test
hf-166865,train
hf-166887,train
hf-166894,train
hf-166903,train
hf-166915,train
hf-166930,validation
hf-166934,validation
hf-166942,train
hf-166978,train
hf-166987,validation
hf-166991,validation
hf-166996,test
hf-166999,train
hf-16700,test
hf-167030,validation
hf-167058,train
hf-167059,train
hf-167062,test
hf-167092,train
hf-167093,train
hf-167096,train
hf-167100,validation
hf-167111,train
hf-167113,train
hf-167119,train
hf-167133,train
hf-167139,train
hf-167150,test
hf-167155,train
hf-167166,train
hf-167171,validation
hf-167174,train
hf-167178,validation
hf-167193,train
hf-16721,train
hf-167211,train
hf-167238,train
hf-167247,train
hf-167248,test
hf-167264,train
hf-167271,validation
hf-167294,validation
hf-167314,train
hf-167323,train
hf-167329,train
hf-167336,train
hf-167346,train
hf-167348,validation
hf-167350,train
hf-167354,train
hf-167355,train
hf-167357,train
hf-167363,train
hf-167368,test
hf-167378,train
hf-167388,train
hf-167394,train
hf-167400,train
hf-167412,train
hf-167416,train
hf-167421,train
hf-167423,train
hf-167433,validation
hf-167452,validation
hf-167453,validation
hf-16746,validation
hf-167461,test
hf-167465,train
hf-167466,test
hf-167479,train
hf-167538,train
hf-167551,validation
hf-167558,validation
hf-167561,validation
hf-167567,train
hf-167574,train
hf-167588,test
hf-167595,validation
hf-167609,train
hf-167612,test
hf-167613,test
hf-167619,test
hf-167627,test
hf-167628,test
hf-167637,validation
hf-167641,validation
hf-167648,train
hf-167657,train
hf-167658,train
hf-167661,train
hf-167664,test
hf-167666,test
hf-167685,validation
hf-167695,validation
hf-167698,train
hf-167712,train
hf-167716,train
hf-167721,validation
hf-167723,train
hf-167727,train
hf-167736,train
hf-167748,test
hf-167750,validation
hf-167753,train
hf-167755,test
hf-167764,test
hf-167771,train
hf-167775,train
hf-167788,test
hf-167790,validation
hf-167795,validation
hf-16780,train
hf-167826,validation
hf-167837,test
hf-16785,validation
hf-167859,train
hf-167867,validation
hf-16788,train
hf-167907,train
hf-167915,train
hf-167941,train
hf-167945,test
hf-167949,train
hf-167975,validation
hf-167988,test
hf-16799,train
hf-167994,train
hf-16800,train
hf-168005,train
hf-168006,test
hf-168008,train
hf-16801,train
hf-168035,test
hf-168055,test
hf-168066,validation
hf-168071,train
hf-168079,train
hf-168084,train
hf-168089,train
hf-16809,validation
hf-168103,train
hf-168120,train
hf-168130,train
hf-168131,train
hf-168136,train
hf-168155,test
hf-168157,train
hf-16816,train
hf-168167,test
hf-168170,validation
hf-168174,validation
hf-168186,test
hf-168192,test
hf-168196,validation
hf-168206,train
hf-168220,train
hf-168234,test
hf-168244,test
hf-168249,validation
hf-168263,test
hf-168265,train
hf-168280,train
hf-168284,train
hf-168294,test
hf-168299,train
hf-168300,train
hf-168305,train
hf-168307,train
hf-168309,train
hf-168322,train
hf-168334,train
hf-168339,test
hf-168346,test
hf-168348,validation
hf-16835,validation
hf-168350,test
hf-168356,train
hf-168380,validation
hf-168383,test
hf-168399,test
hf-1684,validation
hf-168419,validation
hf-168442,train
hf-168457,train
hf-168459,train
hf-168463,train
hf-168504,train
hf-16854,validation
hf-168541,validation
hf-168553,validation
hf-168563,test
hf-168567,train
hf-168585,train
hf-168588,train
hf-168589,train
hf-168596,test
hf-168600,train
hf-168605,test
hf-168610,train
hf-168619,train
hf-168639,train
hf-168659,test
hf-16866,train
hf-168661,train
hf-168662,validation
hf-168692,train
hf-1687,train
hf-168713,validation
hf-168724,train
hf-168742,test
hf-168755,train
hf-168765,validation
hf-168767,train
hf-168770,train
hf-168782,train
hf-1688,train
hf-168800,test
hf-16881,train
hf-168814,train
hf-168815,validation
hf-168824,train
hf-168833,validation
hf-16885,test
hf-168853,test
hf-16886,validation
hf-168860,validation
hf-168875,train
hf-168886,train
hf-168893,train
hf-168897,train
hf-168907,train
hf-168918,test
hf-168921,test
hf-168927,train
hf-168932,test
hf-168936,train
hf-16894,train
hf-168960,validation
hf-168962,train
hf-168966,validation
hf-16897,train
hf-168981,train
hf-168995,validation
hf-169001,train
hf-16901,test
hf-16902,train
hf-169024,train
hf-169027,validation
hf-169043,validation
hf-169090,train
hf-169102,test
hf-169107,test
hf-169109,validation
hf-169123,validation
hf-169150,train
hf-16916,train
hf-169160,train
hf-169161,test
hf-169169,train
hf-16917,train
hf-169180,validation
hf-169183,train
hf-169187,train
hf-169191,test
hf-169195,train
hf-16920,validation
hf-169203,train
hf-169225,validation
hf-169226,train
hf-169241,test
hf-169252,train
hf-169268,train
hf-16929,train
hf-169290,validation
hf-169308,train
hf-169309,train
hf-169310,train
hf-169341,train
hf-169355,train
hf-169368,train
hf-169379,validation
hf-169381,train
hf-169387,train
hf-169391,train
hf-169413,train
hf-169431,train
hf-169449,train
hf-169480,test
hf-169483,test
hf-169485,train
hf-169490,train
hf-169493,test
hf-169499,train
hf-169510,validation
hf-169513,train
hf-16952,test
hf-169525,train
hf-169527,train
hf-169567,test
hf-169574,train
hf-16962,train
hf-169625,validation
hf-169635,train
hf-169649,train
hf-169693,validation
hf-169699,validation
hf-169714,test
hf-169735,train
hf-169739,validation
hf-169742,train
hf-169745,train
hf-169759,train
hf-169762,train
hf-169778,train
hf-169786,test
hf-169789,validation
hf-169798,validation
hf-169816,train
hf-169828,train
hf-169838,test
hf-169845,validation
hf-169863,train
hf-169875,test
hf-169880,train
hf-169905,train
hf-169908,train
hf-16991,train
hf-169919,train
hf-169921,validation
hf-169925,train
hf-169927,test
hf-169928,train
hf-16993,train
hf-169939,train
hf-169964,train
hf-169975,validation
hf-169986,test
hf-169988,train
hf-17000,test
hf-170007,train
hf-170025,test
hf-170048,validation
hf-170051,train
hf-170070,validation
hf-170080,test
hf-170082,train
hf-170085,validation
hf-170117,test
hf-170134,test
hf-170136,train
hf-170140,validation
hf-170155,test
hf-170171,train
hf-170184,test
hf-170189,train
hf-170205,train
hf-170209,validation
hf-170210,test
hf-170219,train
hf-170223,test
hf-17023,test
hf-17024,train
hf-170240,train
hf-170241,train
hf-170244,train
hf-170251,train
hf-170259,train
hf-170265,test
hf-170284,test
hf-17029,train
hf-170290,train
hf-170296,train
hf-170302,train
hf-170303,train
hf-170315,validation
hf-170332,train
hf-170334,validation
hf-170380,train
hf-170388,train
hf-170401,train
hf-170411,train
hf-170412,train
hf-170418,train
hf-17042,train
hf-170426,validation
hf-170432,train
hf-170437,validation
hf-170440,train
hf-170446,test
hf-170483,test
hf-170489,train
hf-17049,train
hf-170491,test
hf-170498,validation
hf-170508,train
hf-170537,train
hf-17054,test
hf-170542,train
hf-170557,train
hf-170561,train
hf-170563,validation
hf-170574,train
hf-170576,train
hf-170586,train
hf-170590,validation
hf-170593,train
hf-170611,train
hf-170615,test
hf-170616,validation
hf-170635,train
hf-170643,train
hf-170655,test
hf-170656,test
hf-170663,train
hf-170671,test
hf-17070,validation
hf-170708,train
hf-170737,validation
hf-17074,train
hf-170744,train
hf-170760,train
hf-170806,train
hf-170820,train
hf-170822,validation
hf-170830,train
hf-170848,train
hf-170871,train
hf-170878,validation
hf-170887,train
hf-170892,validation
hf-170900,test
hf-170906,train
hf-170922,test
hf-170928,train
hf-170944,train
hf-171015,test
hf-171025,validation
hf-171029,train
hf-171035,train
hf-171038,train
hf-171039,train
hf-171055,train
hf-171066,validation
hf-171081,train
hf-171100,train
hf-171106,validation
hf-171107,train
hf-171126,train
hf-171127,train
hf-17113,train
hf-171150,train
hf-171164,validation
hf-171165,validation
hf-171173,train
hf-171191,train
hf-17120,train
hf-171202,test
hf-171218,train
hf-17122,train
hf-171221,train
hf-171222,train
hf-171224,test
hf-171226,train
hf-171235,train
hf-171240,train
hf-171247,train
hf-171254,train
hf-171259,train
hf-171271,train
hf-171281,validation
hf-171284,validation
hf-171294,validation
hf-171315,test
hf-171325,train
hf-171333,train
hf-171340,train
hf-171367,validation
hf-171368,train
hf-171371,train
hf-171379,test
hf-171386,validation
hf-171390,train
hf-171392,train
hf-171399,train
hf-171404,train
hf-171415,train
hf-171435,validation
hf-171447,validation
hf-171463,train
hf-17147,train
hf-171471,train
hf-171474,train
hf-171482,train
hf-171500,test
hf-171509,train
hf-171510,test
hf-171539,train
hf-171546,validation
hf-171572,train
hf-171578,train
hf-171587,train
hf-171592,validation
hf-171595,train
hf-171600,train
hf-171612,validation
hf-171617,train
hf-171620,train
hf-171640,test
hf-171645,validation
hf-171656,train
hf-171659,validation
hf-171672,train
hf-171673,validation
hf-171689,test
hf-17170,train
hf-171701,test
hf-171702,train
hf-171705,validation
hf-171728,train
hf-171735,train
hf-171737,train
hf-171742,train
hf-171746,train
hf-171760,train
hf-171770,train
hf-171773,train
hf-171775,train
hf-171779,train
hf-171784,train
hf-171791,train
hf-171801,train
hf-171807,validation
hf-171823,train
hf-171836,test
hf-171860,validation
hf-171861,train
hf-171863,train
hf-171867,train
hf-17187,train
hf-171878,train
hf-171890,validation
hf-171908,train
hf-171923,test
hf-171932,train
hf-171933,test
hf-171941,train
hf-171947,train
hf-171949,train
hf-17195,train
hf-171961,validation
hf-171963,train
hf-171989,train
hf-172001,validation
hf-172017,test
hf-172018,train
hf-172020,train
hf-172036,train
hf-172037,train
hf-172060,test
hf-172064,train
hf-172085,test
hf-172093,train
hf-172111,train
hf-172137,train
hf-172142,train
hf-172150,validation
hf-172151,test
hf-172155,train
hf-172164,test
hf-172173,test
hf-172177,test
hf-172184,validation
hf-172201,train
hf-172213,train
hf-17222,train
hf-172220,train
hf-172224,train
hf-172229,train
hf-172247,test
hf-172257,validation
hf-172268,test
hf-172272,validation
hf-172273,test
hf-172280,train
hf-172282,train
hf-172292,test
hf-172295,validation
hf-172298,train
hf-172306,train
hf-172311,validation
hf-172324,test
hf-172333,train
hf-172338,train
hf-172357,train
hf-172373,train
hf-172399,train
hf-172417,train
hf-17242,train
hf-172421,train
hf-17245,train
hf-172457,validation
hf-172465,train
hf-172468,train
hf-172473,train
hf-172475,train
hf-172476,test
hf-172489,validation
hf-172491,train
hf-172492,train
hf-172499,train
hf-172508,train
hf-172509,train
hf-17251,train
hf-172519,validation
hf-17253,validation
hf-172536,test
hf-172546,test
hf-172550,validation
hf-172556,test
hf-172557,train
hf-17257,train
hf-172577,test
hf-172592,validation
hf-172601,train
hf-172608,validation
hf-172624,test
hf-172632,train
hf-172675,train
hf-172677,train
hf-172687,test
hf-17269,train
hf-172696,validation
hf-1727,test
hf-172714,train
hf-172718,test
hf-172723,train
hf-172732,train
hf-172757,train
hf-172760,train
hf-172779,test
hf-17278,train
hf-172781,test
hf-172783,train
hf-172784,train
hf-172812,train
hf-172813,train
hf-172824,test
hf-172825,train
hf-172844,train
hf-172865,train
hf-172871,train
hf-172893,train
hf-172925,train
hf-172930,train
hf-172932,train
hf-172942,validation
hf-172951,test
hf-172958,validation
hf-172960,train
hf-172984,train
hf-172987,train
hf-172988,train
hf-172992,train
hf-173004,test
hf-173010,train
hf-173016,train
hf-173023,validation
hf-173035,test
hf-173045,train
hf-173055,train
hf-17306,train
hf-173060,test
hf-173061,train
hf-17308,train
hf-173095,validation
hf-17310,test
hf-173105,validation
hf-173123,train
hf-173127,train
hf-17314,train
hf-173145,train
hf-173146,train
hf-173170,validation
hf-173173,validation
hf-173187,test
hf-173189,train
hf-173198,train
hf-173245,test
hf-173247,train
hf-173273,validation
hf-173274,test
hf-173303,train
hf-173304,validation
hf-173306,validation
hf-173309,train
hf-173310,train
hf-173328,train
hf-173331,validation
hf-173338,train
hf-173349,train
hf-173384,test
hf-173392,train
hf-173406,validation
hf-173411,train
hf-173414,test
hf-173416,train
hf-173440,validation
hf-173446,train
hf-173454,test
hf-173459,train
hf-173463,test
hf-173471,test
hf-173473,validation
hf-173486,train
hf-173504,train
hf-173534,train
hf-173543,train
hf-173549,train
hf-17355,train
hf-173559,validation
hf-173561,train
hf-173579,train
hf-173587,validation
hf-173602,test
hf-173608,train
hf-173613,train
hf-17362,train
hf-173642,train
hf-173656,train
hf-173657,test
hf-173661,validation
hf-173677,test
hf-173684,validation
hf-17369,validation
hf-173703,train
hf-173713,validation
hf-173715,validation
hf-173729,train
hf-173730,test
hf-173755,train
hf-173756,train
hf-173784,train
hf-173787,train
hf-173824,train
hf-173854,train
hf-173872,train
hf-173881,train
hf-17389,train
hf-173893,validation
hf-173899,validation
hf-173901,train
hf-173905,train
hf-173908,train
hf-17392,test
hf-173925,train
hf-17394,train
hf-173950,train
hf-17397,train
hf-173981,train
hf-173984,train
hf-173989,validation
hf-173991,train
hf-173992,train
hf-174010,validation
hf-174039,test
hf-174043,train
hf-17405,train
hf-17406,validation
hf-174069,train
hf-174070,train
hf-174071,train
hf-174075,validation
hf-174086,validation
hf-174096,validation
hf-174099,validation
hf-1741,validation
hf-174109,train
hf-174120,train
hf-174124,train
hf-174128,train
hf-174132,validation
hf-174144,validation
hf-174149,train
hf-174178,train
hf-174182,train
hf-174191,test
hf-174205,validation
hf-174222,train
hf-174231,train
hf-174235,validation
hf-174239,train
hf-174259,train
hf-174266,train
hf-174273,train
hf-174282,train
hf-174306,train
hf-174314,train
hf-174316,test
hf-174323,validation
hf-174342,train
hf-174343,test
hf-174344,train
hf-174352,train
hf-17436,train
hf-174360,train
hf-174374,train
hf-17438,train
hf-174380,validation
hf-174398,train
hf-174406,train
hf-174418,train
hf-174424,train
hf-174427,test
hf-174431,train
hf-174438,validation
hf-174440,train
hf-174458,train
hf-174471,train
hf-174484,train
hf-174505,test
hf-174509,test
hf-174511,validation
hf-174536,validation
hf-174546,train
hf-174557,train
hf-174559,train
hf-174568,test
hf-174573,train
hf-174583,train
hf-174595,train
hf-174596,train
hf-174599,validation
hf-174604,train
hf-174610,validation
hf-174614,train
hf-174619,train
hf-17462,train
hf-174622,train
hf-174624,test
hf-174628,test
hf-174634,test
hf-174635,train
hf-174656,train
hf-174661,train
hf-174670,train
hf-174672,train
hf-17468,validation
hf-174692,train
hf-174693,test
hf-174708,validation
hf-17471,test
hf-174715,train
hf-174717,validation
hf-174734,train
hf-174735,validation
hf-174736,train
hf-174742,train
hf-174750,train
hf-174757,train
hf-174759,train
hf-174774,train
hf-174779,train
hf-174782,train
hf-174783,train
hf-174789,test
hf-174798,train
hf-174799,validation
hf-1748,validation
hf-174803,validation
hf-174813,train
hf-174820,train
hf-174840,train
hf-174841,train
hf-174842,train
hf-174849,train
hf-174873,validation
hf-174874,train
hf-17488,train
hf-174883,train
hf-174895,train
hf-174896,train
hf-1749,train
hf-174900,test
hf-174917,train
hf-174936,train
hf-17494,train
hf-174955,train
hf-17496,train
hf-174965,train
hf-174984,validation
hf-174989,train
hf-17499,validation
hf-175002,validation
hf-175021,train
hf-175030,train
hf-175038,validation
hf-175047,test
hf-175050,train
hf-175058,test
hf-175066,train
hf-175071,test
hf-175074,validation
hf-175077,train
hf-175085,train
hf-175096,validation
hf-17512,validation
hf-175135,train
hf-17514,validation
hf-175156,test
hf-175162,train
hf-175173,train
hf-175177,train
hf-175178,train
hf-175185,train
hf-175229,train
hf-175238,train
hf-17524,train
hf-175241,train
hf-175254,train
hf-175260,train
hf-175265,train
hf-175274,validation
hf-175285,test
hf-175288,train
hf-175293,test
hf-175296,train
hf-175312,validation
hf-175317,train
hf-175319,test
hf-175325,train
hf-175342,test
hf-175345,train
hf-175355,test
hf-175360,validation
hf-175362,train
hf-175385,test
hf-175387,train
hf-175392,test
hf-175436,test
hf-175446,train
hf-175460,train
hf-175462,validation
hf-175467,test
hf-175480,validation
hf-175482,train
hf-175484,train
hf-175485,test
hf-175517,train
hf-175518,validation
hf-175526,validation
hf-175540,test
hf-175552,train
hf-175558,train
hf-175561,train
hf-175562,train
hf-175578,test
hf-175583,train
hf-175595,test
hf-175600,train
hf-175604,validation
hf-175606,train
hf-175619,train
hf-175627,train
hf-175634,train
hf-175639,train
hf-175642,train
hf-175647,train
hf-175649,train
hf-175652,validation
hf-175667,test
hf-175668,train
hf-175682,test
hf-175687,test
hf-175700,test
hf-175703,validation
hf-175704,validation
hf-175714,train
hf-175724,validation
hf-175725,train
hf-175754,train
hf-175755,train
hf-175768,train
hf-175769,train
hf-175772,test
hf-175781,train
hf-175784,train
hf-175788,train
hf-17579,train
hf-175799,validation
hf-175807,test
hf-175812,validation
hf-175823,validation
hf-175836,test
hf-175846,train
hf-17587,train
hf-175878,train
hf-175887,train
hf-175888,train
hf-175908,train
hf-175914,train
hf-175915,validation
hf-175929,train
hf-17593,test
hf-175936,test
hf-175937,train
hf-17594,train
hf-175961,train
hf-175969,validation
hf-175983,test
hf-175988,train
hf-175996,train
hf-176031,train
hf-176040,train
hf-176046,train
hf-176059,train
hf-176062,validation
hf-176071,train
hf-176073,train
hf-176083,train
hf-176084,validation
hf-176088,train
hf-176092,train
hf-176095,validation
hf-176096,train
hf-176106,train
hf-176110,test
hf-176119,train
hf-17612,train
hf-176135,train
hf-176142,train
hf-176154,train
hf-176165,test
hf-176176,train
hf-176189,train
hf-176196,train
hf-176199,validation
hf-176203,train
hf-176214,train
hf-176223,train
hf-176224,test
hf-176237,test
hf-176244,validation
hf-176246,train
hf-176273,train
hf-176276,test
hf-176295,test
hf-17632,train
hf-176320,validation
hf-176322,train
hf-176330,validation
hf-176344,train
hf-176350,train
hf-176354,train
hf-176358,test
hf-176366,validation
hf-176375,train
hf-17638,validation
hf-176398,train
hf-17642,train
hf-176430,train
hf-176456,validation
hf-176474,train
hf-17649,train
hf-176501,validation
hf-176504,train
hf-176506,test
hf-176510,train
hf-176519,train
hf-176531,train
hf-176544,train
hf-176548,train
hf-176560,validation
hf-176567,train
hf-176573,train
hf-176575,validation
hf-17659,train
hf-176609,train
hf-176614,test
hf-176623,test
hf-176627,train
hf-176637,train
hf-176659,train
hf-176681,validation
hf-176686,validation
hf-176693,validation
hf-176704,train
hf-176722,train
hf-176731,train
hf-176746,validation
hf-176756,test
hf-176770,validation
hf-176798,train
hf-176799,train
hf-1768,train
hf-176828,train
hf-17683,train
hf-176830,test
hf-176832,train
hf-176846,train
hf-176854,train
hf-176880,test
hf-176881,train
hf-176888,test
hf-176889,train
hf-176892,train
hf-176902,train
hf-176907,test
hf-176932,train
hf-176942,train
hf-176971,train
hf-176978,train
hf-17699,train
hf-176992,test
hf-177016,train
hf-177018,validation
hf-17703,test
hf-177051,train
hf-177052,train
hf-177054,validation
hf-177057,test
hf-177069,train
hf-177078,validation
hf-177080,validation
hf-177088,train
hf-17709,train
hf-177092,train
hf-177103,test
hf-177105,train
hf-177107,test
hf-177119,validation
hf-17712,validation
hf-177126,train
hf-177133,train
hf-177151,train
hf-177163,train
hf-177169,train
hf-177173,train
hf-177183,train
hf-1772,validation
hf-177208,train
hf-177218,validation
hf-177220,train
hf-177222,test
hf-177227,validation
hf-177234,validation
hf-177251,train
hf-177252,train
hf-177258,validation
hf-177268,train
hf-177277,test
hf-177286,validation
hf-177311,train
hf-177317,train
hf-177363,train
hf-177366,train
hf-177380,train
hf-177381,validation
hf-177384,validation
hf-177389,train
hf-177393,train
hf-177422,train
hf-177428,train
hf-177437,train
hf-177445,train
hf-177460,train
hf-177480,test
hf-177484,train
hf-17749,train
hf-177506,validation
hf-177521,train
hf-177536,validation
hf-177558,validation
hf-17756,train
hf-177567,train
hf-177569,validation
hf-177574,test
hf-177597,validation
hf-177619,train
hf-177633,test
hf-177636,validation
hf-177646,validation
hf-17765,test
hf-177657,validation
hf-177684,validation
hf-177687,validation
hf-177690,train
hf-177698,test
hf-177699,test
hf-177705,train
hf-177719,train
hf-177738,test
hf-17774,test
hf-177748,train
hf-177765,train
hf-177768,train
hf-177779,validation
hf-177781,train
hf-177792,validation
hf-1778,train
hf-177800,validation
hf-177806,train
hf-177807,validation
hf-17781,train
hf-177812,train
hf-177826,train
hf-177829,train
hf-177831,validation
hf-177835,test
hf-17785,validation
hf-177864,train
hf-177876,train
hf-177881,test
hf-177892,validation
hf-1779,test
hf-177901,validation
hf-177918,train
hf-177923,validation
hf-177933,train
hf-177938,validation
hf-177953,train
hf-177963,test
hf-17797,train
hf-177976,train
hf-177987,validation
hf-177988,validation
hf-17799,train
hf-177992,train
hf-178012,test
hf-178022,train
hf-17803,validation
hf-178033,validation
hf-178042,test
hf-178043,train
hf-178045,test
hf-178048,train
hf-178057,train
hf-178066,train
hf-178077,train
hf-178080,train
hf-178084,train
hf-178091,train
hf-178093,train
hf-178099,test
hf-1781,train
hf-17810,train
hf-178104,train
hf-178105,validation
hf-178110,train
hf-178112,train
hf-178134,test
hf-178137,validation
hf-178144,validation
hf-178162,train
hf-178170,train
hf-17818,test
hf-178180,train
hf-178190,train
hf-178195,validation
hf-178207,train
hf-178212,validation
hf-178213,train
hf-178215,train
hf-178217,test
hf-178224,train
hf-178244,test
hf-178246,validation
hf-178251,train
hf-178255,train
hf-178267,train
hf-178268,validation
hf-178269,train
hf-178295,train
hf-178299,train
hf-178317,train
hf-178319,train
hf-178337,train
hf-178340,test
hf-178357,train
hf-178362,validation
hf-178366,train
hf-178374,test
hf-178380,test
hf-178381,validation
hf-178390,train
hf-178392,train
hf-178396,train
hf-17840,test
hf-178400,train
hf-178414,train
hf-178417,train
hf-178437,test
hf-178439,train
hf-178458,train
hf-178474,test
hf-178475,validation
hf-178509,validation
hf-178525,validation
hf-178530,train
hf-178531,validation
hf-178537,train
hf-178538,train
hf-178541,train
hf-178549,train
hf-178552,train
hf-178555,train
hf-178559,validation
hf-17856,train
hf-178570,validation
hf-178579,train
hf-17858,train
hf-178593,validation
hf-178596,train
hf-178607,train
hf-178625,validation
hf-178627,validation
hf-17863,train
hf-178643,train
hf-17866,validation
hf-178663,train
hf-178666,train
hf-178667,train
hf-178674,train
hf-178694,train
hf-178715,train
hf-178720,test
hf-178724,validation
hf-178737,validation
hf-178739,test
hf-178763,validation
hf-178772,test
hf-178786,train
hf-178802,train
hf-178807,test
hf-178822,train
hf-178828,train
hf-178832,train
hf-178834,train
hf-17884,test
hf-178840,train
hf-178842,train
hf-178849,train
hf-178860,test
hf-178869,test
hf-178877,train
hf-178880,test
hf-178882,train
hf-178884,train
hf-178895,train
hf-178920,train
hf-178921,train
hf-178929,train
hf-178940,validation
hf-178945,train
hf-178947,validation
hf-178952,test
hf-178953,train
hf-178964,validation
hf-178978,train
hf-178987,train
hf-1790,train
hf-17902,test
hf-179061,test
hf-179077,train
hf-179078,train
hf-179095,train
hf-179101,test
hf-17911,validation
hf-179116,train
hf-179117,validation
hf-17912,test
hf-179122,train
hf-179128,train
hf-179129,train
hf-179131,train
hf-179161,train
hf-179165,train
hf-179169,train
hf-17917,train
hf-179174,test
hf-179178,train
hf-179185,train
hf-179216,validation
hf-179219,validation
hf-179220,validation
hf-179229,train
hf-17923,train
hf-179235,validation
hf-179240,validation
hf-179246,train
hf-179250,validation
hf-179255,train
hf-179264,validation
hf-179282,train
hf-179286,train
hf-179289,train
hf-179291,test
hf-17930,test
hf-179307,train
hf-179310,train
hf-17932,train
hf-179330,validation
hf-179336,train
hf-179338,validation
hf-179341,test
hf-179356,test
hf-179364,train
hf-179371,train
hf-179380,train
hf-179386,test
hf-179397,test
hf-179398,train
hf-179407,train
hf-179408,train
hf-179411,train
hf-179431,train
hf-179433,validation
hf-17944,test
hf-179472,validation
hf-179493,train
hf-179500,train
hf-179521,validation
hf-17953,train
hf-179534,validation
hf-17954,train
hf-179548,train
hf-179551,train
hf-17956,train
hf-179565,train
hf-179577,train
hf-179581,train
hf-179597,train
hf-179616,validation
hf-179624,test
hf-179640,validation
hf-179659,train
hf-179661,train
hf-179756,train
hf-179757,train
hf-179769,train
hf-179770,train
hf-179774,train
hf-1798,train
hf-179805,train
hf-179813,train
hf-179819,train
hf-17983,validation
hf-179836,train
hf-179840,train
hf-179842,test
hf-179850,train
hf-179856,test
hf-179866,train
hf-179874,train
hf-179883,train
hf-179884,train
hf-179885,validation
hf-179894,validation
hf-179902,train
hf-179907,train
hf-179937,test
hf-179944,train
hf-17995,test
hf-17996,test
hf-179965,test
hf-179975,test
hf-179992,validation
hf-180,train
hf-180011,train
hf-180017,train
hf-180022,train
hf-180023,test
hf-180026,train
hf-180027,test
hf-180031,train
hf-180038,train
hf-180041,validation
hf-180042,test
hf-180051,train
hf-180056,train
hf-180058,train
hf-180059,validation
hf-180065,train
hf-180073,test
hf-180094,train
hf-180104,train
hf-180114,test
hf-180117,train
hf-180140,train
hf-180148,test
hf-18015,validation
hf-180160,train
hf-180164,test
hf-180185,validation
hf-180186,train
hf-180192,test
hf-1802,validation
hf-180206,test
hf-180215,validation
hf-180223,train
hf-180226,train
hf-180248,test
hf-180255,test
hf-180261,train
hf-180275,train
hf-180281,test
hf-180287,train
hf-180295,test
hf-180303,train
hf-180325,train
hf-180329,train
hf-180332,validation
hf-180334,train
hf-180335,train
hf-180344,train
hf-180346,validation
hf-180348,train
hf-180355,train
hf-180359,validation
hf-180362,validation
hf-180363,train
hf-180371,train
hf-180378,test
hf-180379,train
hf-180383,train
hf-180386,train
hf-180392,test
hf-18040,train
hf-180404,train
hf-180406,train
hf-180411,train
hf-180426,train
hf-180438,validation
hf-180444,validation
hf-180446,train
hf-180448,train
hf-180459,train
hf-180467,train
hf-180474,train
hf-180481,train
hf-180492,validation
hf-180499,validation
hf-180516,test
hf-180528,train
hf-18054,test
hf-180554,train
hf-180573,train
hf-180580,train
hf-180582,validation
hf-180584,train
hf-180602,train
hf-180607,train
hf-180617,validation
hf-180623,train
hf-180629,train
hf-180638,test
hf-180646,train
hf-180648,test
hf-180651,train
hf-180658,validation
hf-180664,test
hf-180677,train
hf-180678,train
hf-180692,train
hf-180694,train
hf-180705,train
hf-180725,train
hf-180728,train
hf-180737,test
hf-180760,validation
hf-180764,train
hf-180766,train
hf-180772,validation
hf-180789,train
hf-180792,test
hf-180799,test
hf-180802,train
hf-180804,test
hf-180831,test
hf-18084,train
hf-180849,train
hf-180851,test
hf-180857,train
hf-180867,train
hf-180883,test
hf-180896,train
hf-180905,validation
hf-180911,test
hf-180915,train
hf-180925,train
hf-180929,train
hf-180930,train
hf-18094,train
hf-180964,test
hf-180965,validation
hf-180967,train
hf-180971,validation
hf-180975,test
hf-180991,test
hf-180994,train
hf-180999,test
hf-181002,train
hf-181008,test
hf-18104,train
hf-181045,validation
hf-181047,train
hf-18106,validation
hf-181062,test
hf-181084,train
hf-181089,train
hf-181093,validation
hf-181111,train
hf-181112,train
hf-181114,train
hf-181124,test
hf-181131,train
hf-181132,train
hf-181134,train
hf-181139,train
hf-181155,train
hf-181160,train
hf-181168,validation
hf-181178,train
hf-181183,test
hf-181208,test
hf-18121,train
hf-18122,validation
hf-181220,train
hf-181224,test
hf-181230,train
hf-181254,train
hf-181256,train
hf-181286,train
hf-181288,train
hf-18129,test
hf-181330,train
hf-18136,train
hf-181388,train
hf-181390,train
hf-181395,train
hf-181400,train
hf-181439,train
hf-181445,validation
hf-181451,train
hf-181462,train
hf-181469,train
hf-181478,train
hf-181499,test
hf-181510,train
hf-181519,validation
hf-181545,train
hf-181555,train
hf-181565,train
hf-181566,train
hf-181567,train
hf-181586,validation
hf-181599,test
hf-181615,train
hf-181632,validation
hf-181633,train
hf-181634,validation
hf-181655,test
hf-181656,train
hf-181662,train
hf-181665,validation
hf-181686,train
hf-181696,validation
hf-181699,train
hf-181702,test
hf-181706,train
hf-181719,train
hf-181720,train
hf-181732,train
hf-181739,train
hf-181740,test
hf-181744,test
hf-18175,train
hf-181750,test
hf-181760,train
hf-181783,test
hf-181787,test
hf-181811,validation
hf-181827,train
hf-181857,train
hf-181870,validation
hf-181875,test
hf-181876,train
hf-18188,train
hf-181884,train
hf-1819,train
hf-181919,train
hf-181930,train
hf-18194,train
hf-181942,train
hf-181959,test
hf-181966,train
hf-181973,train
hf-181982,test
hf-181986,train
hf-181988,train
hf-182007,validation
hf-182012,validation
hf-182015,train
hf-182021,train
hf-182024,test
hf-182046,train
hf-182056,train
hf-182075,train
hf-182081,test
hf-182093,train
hf-182104,validation
hf-182108,validation
hf-182119,test
hf-18213,test
hf-182133,validation
hf-182142,test
hf-182149,validation
hf-182156,validation
hf-182180,train
hf-182193,validation
hf-182205,train
hf-182209,train
hf-182210,train
hf-182214,validation
hf-182233,train
hf-182234,validation
hf-182245,test
hf-182247,train
hf-182263,train
hf-182268,test
hf-182276,validation
hf-182287,train
hf-182312,train
hf-182316,train
hf-182321,train
hf-182322,train
hf-182336,train
hf-182338,train
hf-182339,validation
hf-18234,train
hf-182343,test
hf-182349,train
hf-182359,train
hf-182360,train
hf-182366,test
hf-182402,train
hf-182412,test
hf-182416,train
hf-182442,test
hf-182452,validation
hf-18246,train
hf-182479,validation
hf-182486,test
hf-182490,validation
hf-182501,train
hf-182509,test
hf-182515,train
hf-182524,train
hf-182533,test
hf-182550,validation
hf-182554,train
hf-182560,test
hf-182566,test
hf-182575,test
hf-182595,validation
hf-182605,test
hf-182614,train
hf-182617,train
hf-182622,test
hf-182623,validation
hf-182639,test
hf-182642,train
hf-182643,test
hf-182644,train
hf-182672,validation
hf-182674,validation
hf-182678,train
hf-182688,validation
hf-182694,train
hf-182708,train
hf-182712,train
hf-182714,test
hf-182718,train
hf-182739,test
hf-182753,validation
hf-182758,train
hf-182763,test
hf-182770,train
hf-182774,test
hf-182782,test
hf-182785,test
hf-18280,test
hf-182808,test
hf-182810,train
hf-182815,train
hf-182821,train
hf-182847,validation
hf-182866,test
hf-182896,test
hf-182897,train
hf-182912,train
hf-182932,validation
hf-182936,train
hf-18294,test
hf-182954,train
hf-182958,validation
hf-182959,train
hf-18296,train
hf-182970,train
hf-182976,validation
hf-182986,validation
hf-182997,train
hf-182998,train
hf-183,train
hf-183005,train
hf-18301,train
hf-183029,train
hf-183035,train
hf-183044,train
hf-183068,test
hf-183075,train
hf-183084,test
hf-183085,train
hf-183087,train
hf-183088,validation
hf-183090,train
hf-183095,train
hf-183099,train
hf-183103,train
hf-183104,validation
hf-183105,train
hf-183129,test
hf-183130,train
hf-18314,test
hf-183142,train
hf-183151,train
hf-183164,train
hf-183167,train
hf-183174,validation
hf-183197,train
hf-183225,validation
hf-183226,validation
hf-183233,test
hf-183236,train
hf-183237,test
hf-183241,train
hf-183277,train
hf-18329,train
hf-183293,train
hf-183297,test
hf-18335,test
hf-183384,validation
hf-183394,train
hf-183404,train
hf-183422,train
hf-183424,test
hf-183427,validation
hf-183458,train
hf-183463,train
hf-183466,train
hf-183474,train
hf-18349,train
hf-183493,validation
hf-183497,validation
hf-183502,train
hf-183521,test
hf-183539,train
hf-183541,validation
hf-183552,test
hf-183564,test
hf-183566,validation
hf-183567,validation
hf-183583,train
hf-183593,train
hf-183606,train
hf-183608,test
hf-183612,validation
hf-183632,train
hf-18364,validation
hf-183640,validation
hf-183643,test
hf-18365,validation
hf-183654,validation
hf-183661,test
hf-183665,train
hf-183681,train
hf-183686,train
hf-183694,validation
hf-183697,test
hf-1837,train
hf-183715,train
hf-183754,train
hf-183762,test
hf-183778,test
hf-183794,train
hf-183796,train
hf-18381,validation
hf-183826,train
hf-183828,train
hf-183841,train
hf-183855,test
hf-183877,train
hf-183906,train
hf-183912,test
hf-183928,train
hf-183951,train
hf-183955,validation
hf-183961,train
hf-183965,train
hf-183973,train
hf-183982,train
hf-183986,train
hf-183991,train
hf-184007,train
hf-184026,train
hf-184035,train
hf-184042,train
hf-184044,train
hf-184056,validation
hf-184061,train
hf-184063,train
hf-184067,train
hf-184077,train
hf-184096,train
hf-184107,validation
hf-184120,train
hf-184122,train
hf-184131,train
hf-184134,train
hf-184137,train
hf-184155,validation
hf-184166,validation
hf-184191,train
hf-184199,train
hf-1842,train
hf-18420,train
hf-184208,train
hf-184216,test
hf-184218,train
hf-184225,train
hf-184230,train
hf-184232,train
hf-184236,train
hf-184241,test
hf-184256,train
hf-184268,train
hf-184272,validation
hf-18428,train
hf-184288,test
hf-184292,train
hf-18430,validation
hf-184307,train
hf-18431,train
hf-184310,validation
hf-184319,test
hf-184327,test
hf-184367,train
hf-184368,validation
hf-184372,train
hf-184417,test
hf-184426,validation
hf-184439,validation
hf-184444,train
hf-184462,test
hf-184465,validation
hf-184488,test
hf-18450,validation
hf-184507,test
hf-184527,train
hf-184528,train
hf-184533,test
hf-184540,train
hf-184542,train
hf-184567,train
hf-184569,test
hf-184573,train
hf-184578,test
hf-184584,train
hf-184586,test
hf-184587,test
hf-18460,validation
hf-184604,train
hf-184616,train
hf-184618,train
hf-184625,train
hf-184636,train
hf-184656,train
hf-184676,train
hf-184691,validation
hf-184696,validation
hf-1847,train
hf-184700,train
hf-184705,validation
hf-184706,validation
hf-184708,validation
hf-184711,train
hf-184726,train
hf-184737,test
hf-18475,train
hf-184752,train
hf-184754,validation
hf-184758,train
hf-184761,test
hf-184772,validation
hf-184773,test
hf-184778,train
hf-184782,train
hf-184785,test
hf-184801,train
hf-184803,train
hf-184806,validation
hf-184807,train
hf-184818,train
hf-18483,train
hf-184838,validation
hf-184840,validation
hf-184855,validation
hf-184866,test
hf-184884,validation
hf-184889,validation
hf-184908,train
hf-184910,train
hf-184917,train
hf-18492,validation
hf-184942,train
hf-184953,validation
hf-184969,validation
hf-184976,validation
hf-184978,validation
hf-184984,train
hf-184997,train
hf-185017,train
hf-185022,validation
hf-185026,train
hf-18503,train
hf-185037,validation
hf-18504,train
hf-185042,validation
hf-185046,train
hf-185070,test
hf-185072,test
hf-185073,validation
hf-185075,test
hf-185076,validation
hf-185078,test
hf-185084,validation
hf-185100,train
hf-185114,test
hf-185125,test
hf-185126,train
hf-185150,validation
hf-185158,train
hf-185203,train
hf-185228,train
hf-185229,validation
hf-185233,test
hf-185246,train
hf-185247,test
hf-1853,test
hf-185317,train
hf-18533,test
hf-185331,train
hf-185342,train
hf-185359,train
hf-185364,train
hf-185406,train
hf-18542,train
hf-185447,test
hf-185450,test
hf-185452,validation
hf-185455,train
hf-185470,validation
hf-185482,train
hf-185506,train
hf-185512,train
hf-185519,train
hf-18552,train
hf-185521,train
hf-185525,validation
hf-185530,train
hf-185541,validation
hf-185553,validation
hf-185573,train
hf-185575,train
hf-185583,train
hf-185597,test
hf-185607,train
hf-185610,validation
hf-185617,train
hf-18563,train
hf-185640,train
hf-185646,test
hf-185650,train
hf-185653,train
hf-185660,test
hf-185668,train
hf-18567,train
hf-185682,train
hf-185691,train
hf-185702,validation
hf-18571,train
hf-185710,validation
hf-18572,test
hf-185722,test
hf-18574,train
hf-185756,train
hf-185765,train
hf-185768,validation
hf-185771,train
hf-185774,train
hf-185795,train
hf-185806,test
hf-185815,train
hf-185818,validation
hf-185819,train
hf-18582,test
hf-185825,train
hf-185826,validation
hf-185838,test
hf-185855,test
hf-185895,validation
hf-185903,train
hf-185909,train
hf-18591,test
hf-185913,train
hf-185915,validation
hf-185950,train
hf-185965,train
hf-185973,validation
hf-185974,train
hf-185987,train
hf-185996,train
hf-185998,train
hf-186,test
hf-186016,train
hf-186019,test
hf-186024,train
hf-186034,train
hf-186057,train
hf-186069,validation
hf-18607,train
hf-186080,train
hf-186084,validation
hf-186091,train
hf-186115,validation
hf-186117,train
hf-186129,train
hf-186136,test
hf-186138,validation
hf-186143,train
hf-186148,train
hf-186155,train
hf-186185,train
hf-186187,train
hf-186199,test
hf-186210,validation
hf-186216,train
hf-186221,test
hf-186238,train
hf-186256,train
hf-186265,train
hf-186266,train
hf-186268,test
hf-186299,train
hf-186303,validation
hf-186311,train
hf-186312,train
hf-186332,train
hf-18634,train
hf-186361,train
hf-186365,train
hf-186366,train
hf-186393,train
hf-186395,train
hf-1864,train
hf-186403,train
hf-186428,train
hf-186446,validation
hf-186449,validation
hf-186457,validation
hf-186463,train
hf-186513,test
hf-186517,train
hf-186518,train
hf-186521,train
hf-186528,train
hf-186531,train
hf-186543,validation
hf-186544,validation
hf-186550,test
hf-186553,validation
hf-186554,train
hf-186560,train
hf-186568,train
hf-186569,validation
hf-186580,test
hf-186581,validation
hf-186590,train
hf-186597,validation
hf-186599,test
hf-186628,test
hf-186632,train
hf-18664,validation
hf-186640,test
hf-186641,test
hf-186647,train
hf-186664,test
hf-186676,validation
hf-186699,validation
hf-186700,train
hf-186706,train
hf-186707,test
hf-186718,train
hf-186725,validation
hf-186743,test
hf-18675,validation
hf-186750,train
hf-18677,validation
hf-186771,test
hf-186775,validation
hf-186791,train
hf-186805,train
hf-186809,train
hf-186811,test
hf-186825,train
hf-18683,train
hf-186832,train
hf-186839,train
hf-186858,train
hf-186865,validation
hf-186867,test
hf-186868,validation
hf-186872,validation
hf-186882,train
hf-186896,train
hf-186913,train
hf-186929,train
hf-18693,train
hf-186937,test
hf-186940,test
hf-186955,train
hf-186977,validation
hf-186981,train
hf-187007,train
hf-187011,test
hf-187015,validation
hf-187039,validation
hf-187049,train
hf-187051,validation
hf-187067,train
hf-187073,train
hf-187107,train
hf-187112,train
hf-187113,train
hf-187117,validation
hf-187119,train
hf-187128,train
hf-187131,validation
hf-187138,validation
hf-187139,train
hf-187141,train
hf-187142,validation
hf-187147,validation
hf-187158,train
hf-187163,train
hf-187165,validation
hf-18718,train
hf-187184,test
hf-187189,validation
hf-187237,test
hf-187243,train
hf-187247,test
hf-187259,train
hf-187267,train
hf-187271,test
hf-187275,validation
hf-187286,test
hf-187294,test
hf-18730,train
hf-187300,test
hf-187302,test
hf-187304,train
hf-187308,train
hf-187325,train
hf-187341,test
hf-187347,train
hf-187356,test
hf-187365,validation
hf-187379,validation
hf-187384,train
hf-187394,test
hf-187404,validation
hf-187405,validation
hf-187408,train
hf-187412,train
hf-187417,validation
hf-18742,train
hf-187422,test
hf-187434,validation
hf-187445,validation
hf-18751,test
hf-187513,train
hf-187545,test
hf-18755,test
hf-187560,test
hf-187562,test
hf-187584,train
hf-187602,train
hf-187603,validation
hf-187615,train
hf-187630,validation
hf-187633,train
hf-187648,test
hf-18765,validation
hf-187652,train
hf-187657,train
hf-187671,validation
hf-187676,train
hf-187679,test
hf-187680,test
hf-187683,test
hf-187685,train
hf-187691,test
hf-18771,train
hf-187712,train
hf-187715,train
hf-187770,train
hf-187774,train
hf-187791,validation
hf-187818,train
hf-187821,train
hf-187830,train
hf-187834,validation
hf-187842,train
hf-187843,test
hf-187847,train
hf-187853,train
hf-187857,validation
hf-18786,validation
hf-187877,train
hf-187897,train
hf-187912,train
hf-187916,validation
hf-187927,train
hf-18793,train
hf-187977,train
hf-187989,validation
hf-187993,train
hf-18801,train
hf-188019,test
hf-188036,train
hf-188038,train
hf-188043,train
hf-188045,train
hf-188055,test
hf-188063,train
hf-188068,train
hf-188073,test
hf-188079,train
hf-188096,train
hf-188098,train
hf-188108,train
hf-18813,validation
hf-188132,train
hf-188133,train
hf-188145,train
hf-188152,test
hf-18816,train
hf-18820,test
hf-188203,train
hf-188215,validation
hf-188220,train
hf-188226,train
hf-188227,test
hf-188236,train
hf-188241,train
hf-188250,train
hf-188253,validation
hf-188261,validation
hf-188271,validation
hf-188275,train
hf-188287,train
hf-18831,train
hf-188316,validation
hf-188318,validation
hf-188328,train
hf-188333,train
hf-188338,train
hf-188357,train
hf-188371,train
hf-18838,train
hf-188382,train
hf-188394,validation
hf-188400,test
hf-188408,train
hf-188415,train
hf-18842,train
hf-188451,train
hf-188458,train
hf-18846,train
hf-188462,train
hf-188479,test
hf-188484,validation
hf-188486,train
hf-188494,train
hf-188497,train
hf-18850,validation
hf-188502,test
hf-188506,train
hf-188525,train
hf-188541,train
hf-188542,validation
hf-188547,train
hf-188550,train
hf-188560,test
hf-188566,train
hf-18857,validation
hf-18858,validation
hf-188580,train
hf-188586,train
hf-188591,validation
hf-188605,train
hf-188612,train
hf-188614,train
hf-188620,validation
hf-188626,test
hf-188638,train
hf-188642,train
hf-188648,train
hf-188701,validation
hf-188710,validation
hf-188714,train
hf-188726,train
hf-188743,train
hf-188745,validation
hf-188748,test
hf-188753,test
hf-188762,test
hf-188764,test
hf-188765,train
hf-188792,train
hf-188794,train
hf-1888,test
hf-188805,validation
hf-188815,test
hf-188827,validation
hf-188832,train
hf-188836,test
hf-188839,train
hf-188849,train
hf-18886,test
hf-188866,test
hf-188868,train
hf-188873,train
hf-188875,train
hf-188881,train
hf-188905,train
hf-188911,test
hf-188921,train
hf-188969,train
hf-188970,train
hf-188976,test
hf-188986,train
hf-188989,train
hf-188998,test
hf-189043,train
hf-189054,train
hf-189065,train
hf-189074,train
hf-189078,test
hf-189083,train
hf-189090,test
hf-189109,validation
hf-18911,train
hf-189119,train
hf-18912,test
hf-189131,train
hf-189139,train
hf-189160,test
hf-189165,validation
hf-189168,train
hf-189176,train
hf-18918,train
hf-189199,train
hf-189204,train
hf-189207,test
hf-189219,validation
hf-18922,train
hf-189224,train
hf-189226,train
hf-189233,train
hf-189241,train
hf-189247,train
hf-18928,train
hf-189294,test
hf-189297,train
hf-189300,test
hf-189307,train
hf-189315,train
hf-189318,train
hf-189325,train
hf-189338,test
hf-189344,validation
hf-189348,train
hf-189360,train
hf-189375,train
hf-189397,validation
hf-189405,train
hf-189409,train
hf-189421,train
hf-189422,test
hf-189426,train
hf-189429,train
hf-189431,train
hf-189442,test
hf-189446,train
hf-189450,train
hf-189459,train
hf-189498,test
hf-189500,test
hf-189505,train
hf-189518,train
hf-189531,validation
hf-189532,train
hf-189539,train
hf-189541,validation
hf-189542,test
hf-189545,test
hf-189559,validation
hf-18956,train
hf-189560,train
hf-189583,train
hf-18959,validation
hf-189594,train
hf-189604,train
hf-189616,test
hf-189640,train
hf-189644,train
hf-189647,test
hf-18965,train
hf-189650,validation
hf-189654,test
hf-189657,train
hf-189667,test
hf-18967,test
hf-189679,test
hf-189680,train
hf-189688,validation
hf-189702,validation
hf-189704,train
hf-189714,validation
hf-189715,train
hf-189727,validation
hf-189735,train
hf-189744,test
hf-189751,train
hf-189763,test
hf-189776,test
hf-189778,train
hf-189779,test
hf-189793,test
hf-189811,test
hf-189812,validation
hf-189813,train
hf-189815,test
hf-189817,test
hf-189832,train
hf-189839,test
hf-189851,train
hf-189857,test
hf-189862,train
hf-189888,train
hf-189889,train
hf-189902,train
hf-189916,train
hf-189947,test
hf-189952,validation
hf-189967,train
hf-189981,train
hf-189984,train
hf-190026,train
hf-190029,train
hf-19004,train
hf-190053,test
hf-190056,train
hf-190059,test
hf-190068,train
hf-19007,train
hf-190081,train
hf-190099,test
hf-1901,test
hf-190111,test
hf-190114,train
hf-190115,train
hf-190129,train
hf-190137,test
hf-19017,validation
hf-19018,train
hf-190180,validation
hf-190188,train
hf-190192,train
hf-190194,validation
hf-190195,test
hf-190211,test
hf-190221,train
hf-190233,train
hf-190248,train
hf-190251,validation
hf-19026,validation
hf-19027,test
hf-190273,train
hf-190288,train
hf-190293,test
hf-190295,train
hf-190312,test
hf-190338,validation
hf-19034,validation
hf-19036,train
hf-190369,train
hf-190418,train
hf-190429,train
hf-190440,train
hf-190441,train
hf-190443,test
hf-190444,train
hf-190459,validation
hf-190478,train
hf-19048,train
hf-190487,train
hf-190490,test
hf-190502,train
hf-190505,train
hf-19051,train
hf-190511,test
hf-190512,train
hf-190514,test
hf-190524,validation
hf-190530,train
hf-190540,train
hf-190543,train
hf-190545,train
hf-190546,validation
hf-190565,test
hf-190573,train
hf-190588,validation
hf-190603,train
hf-190604,test
hf-190626,validation
hf-190630,train
hf-190648,train
hf-190651,test
hf-190662,train
hf-190695,train
hf-190721,train
hf-190731,train
hf-190734,train
hf-190735,test
hf-190739,train
hf-190748,train
hf-190750,train
hf-190752,train
hf-190763,train
hf-190787,test
hf-190798,train
hf-190799,validation
hf-190807,train
hf-19081,test
hf-190818,test
hf-19083,train
hf-190838,train
hf-190849,train
hf-190853,train
hf-190894,train
hf-190903,train
hf-190927,train
hf-190937,test
hf-190945,train
hf-190972,train
hf-190973,validation
hf-190998,train
hf-19100,train
hf-191007,test
hf-191008,train
hf-191019,test
hf-191022,train
hf-191035,train
hf-191036,train
hf-191037,validation
hf-191054,validation
hf-191077,train
hf-19108,train
hf-191112,validation
hf-19112,train
hf-191135,test
hf-191157,test
hf-191161,validation
hf-191165,validation
hf-191166,train
hf-191196,train
hf-191210,train
hf-191216,train
hf-191220,train
hf-191231,validation
hf-191233,train
hf-191234,test
hf-191262,train
hf-191266,test
hf-191267,train
hf-191284,train
hf-191307,train
hf-191310,train
hf-191339,validation
hf-191351,train
hf-191361,train
hf-191369,train
hf-191378,test
hf-191382,validation
hf-191387,train
hf-191391,train
hf-191396,validation
hf-191407,validation
hf-191409,train
hf-191426,train
hf-191432,train
hf-191449,test
hf-191463,train
hf-191467,train
hf-19147,train
hf-191477,test
hf-191481,validation
hf-191502,test
hf-191530,test
hf-191545,validation
hf-191553,train
hf-191577,validation
hf-191578,validation
hf-191596,train
hf-191604,train
hf-191628,train
hf-191649,train
hf-191655,train
hf-191671,train
hf-191676,train
hf-191686,train
hf-191694,train
hf-191703,train
hf-191709,train
hf-191714,train
hf-191728,test
hf-191729,train
hf-191737,train
hf-191749,train
hf-191761,train
hf-191787,train
hf-19179,train
hf-191804,test
hf-19181,validation
hf-191840,train
hf-191846,validation
hf-191850,train
hf-191860,validation
hf-191873,test
hf-191884,train
hf-191897,train
hf-191900,train
hf-191933,train
hf-191937,test
hf-19194,validation
hf-191950,test
hf-191953,train
hf-191956,train
hf-191963,train
hf-191972,train
hf-192007,train
hf-192013,train
hf-192017,train
hf-192018,train
hf-19202,train
hf-192040,train
hf-192048,train
hf-192050,train
hf-192068,test
hf-192070,validation
hf-192074,train
hf-192075,train
hf-192088,train
hf-192090,train
hf-192098,train
hf-192110,train
hf-192128,train
hf-192134,validation
hf-192135,train
hf-192157,train
hf-192159,test
hf-192167,train
hf-19217,train
hf-192181,test
hf-192193,test
hf-192195,test
hf-19221,validation
hf-192213,train
hf-192235,test
hf-192241,train
hf-192246,train
hf-192273,test
hf-1923,train
hf-192306,train
hf-192307,train
hf-192332,train
hf-192354,test
hf-192364,validation
hf-192366,train
hf-192383,train
hf-192400,test
hf-192406,train
hf-192410,train
hf-192411,validation
hf-192443,train
hf-192477,train
hf-192496,train
hf-19250,train
hf-192518,validation
hf-192519,train
hf-192563,validation
hf-192567,train
hf-192569,validation
hf-192591,train
hf-192600,validation
hf-192601,train
hf-192606,train
hf-192610,train
hf-192645,test
hf-192647,train
hf-192652,train
hf-192666,train
hf-192680,validation
hf-192681,train
hf-192689,train
hf-192705,train
hf-192714,train
hf-192715,validation
hf-192718,train
hf-192727,test
hf-192728,train
hf-192734,train
hf-192746,train
hf-192750,train
hf-192752,train
hf-192756,train
hf-192758,validation
hf-192763,test
hf-192766,train
hf-192769,train
hf-192774,train
hf-192776,validation
hf-192788,train
hf-192795,train
hf-192802,test
hf-192813,train
hf-192814,train
hf-192822,test
hf-192823,test
hf-192826,train
hf-192839,validation
hf-19284,test
hf-192845,train
hf-192846,train
hf-192851,train
hf-192852,train
hf-192855,test
hf-192876,test
hf-192885,train
hf-192890,train
hf-1929,test
hf-19290,test
hf-192902,train
hf-19291,train
hf-192911,validation
hf-192919,validation
hf-192922,test
hf-19293,train
hf-192932,validation
hf-192938,train
hf-192946,test
hf-192955,test
hf-192957,validation
hf-192959,train
hf-192960,validation
hf-192963,train
hf-192968,train
hf-19297,train
hf-192981,validation
hf-193021,test
hf-193048,test
hf-193052,validation
hf-193072,train
hf-193079,validation
hf-193094,test
hf-19310,test
hf-193109,train
hf-193112,test
hf-193127,validation
hf-193134,train
hf-193139,train
hf-193146,train
hf-193149,train
hf-193175,train
hf-193176,train
hf-193184,test
hf-193187,validation
hf-19319,test
hf-193206,validation
hf-193216,train
hf-193221,train
hf-193238,validation
hf-193245,validation
hf-193269,train
hf-193283,train
hf-1933,test
hf-193318,train
hf-193333,train
hf-193343,train
hf-193352,train
hf-193355,train
hf-193359,test
hf-193361,train
hf-193369,train
hf-193377,validation
hf-193379,train
hf-193391,train
hf-193395,validation
hf-193399,test
hf-1934,train
hf-193403,train
hf-193407,train
hf-19341,train
hf-193416,train
hf-193427,test
hf-193464,train
hf-193466,train
hf-193468,validation
hf-193471,train
hf-193485,train
hf-193489,validation
hf-193494,train
hf-193517,test
hf-193530,train
hf-193537,train
hf-193556,test
hf-19356,test
hf-193561,train
hf-193564,train
hf-193565,train
hf-193568,validation
hf-193601,test
hf-193605,train
hf-193608,train
hf-193616,train
hf-193624,train
hf-193628,train
hf-193629,train
hf-193633,train
hf-193635,train
hf-193653,train
hf-193658,validation
hf-193671,train
hf-19368,train
hf-193698,validation
hf-193729,validation
hf-19373,train
hf-193730,train
hf-193741,validation
hf-193745,validation
hf-193747,train
hf-193759,validation
hf-193767,train
hf-193784,train
hf-193832,train
hf-193835,validation
hf-193846,validation
hf-193848,train
hf-193893,train
hf-193916,test
hf-193924,train
hf-193927,test
hf-19393,train
hf-193930,train
hf-193938,test
hf-193948,train
hf-193966,train
hf-193989,train
hf-193999,validation
hf-194014,train
hf-194015,train
hf-194023,train
hf-194027,train
hf-194031,test
hf-194043,train
hf-194044,validation
hf-194049,train
hf-194056,test
hf-194086,train
hf-194093,train
hf-194095,train
hf-194108,train
hf-194112,test
hf-194115,test
hf-19415,train
hf-194153,validation
hf-194158,validation
hf-194160,train
hf-194167,test
hf-194182,train
hf-194192,train
hf-194193,train
hf-194197,test
hf-194199,validation
hf-194216,test
hf-194218,test
hf-194238,train
hf-194257,test
hf-194292,train
hf-1943,train
hf-194300,validation
hf-194320,train
hf-194322,train
hf-194325,train
hf-194326,train
hf-194327,test
hf-194344,train
hf-194345,validation
hf-194382,test
hf-194387,train
hf-194396,train
hf-194397,test
hf-194401,train
hf-194430,train
hf-194433,test
hf-194456,test
hf-194471,validation
hf-194487,train
hf-194524,validation
hf-19453,train
hf-194533,test
hf-194541,test
hf-194564,test
hf-194578,validation
hf-194590,train
hf-194621,train
hf-19463,train
hf-194647,train
hf-194656,train
hf-194662,train
hf-194665,train
hf-194669,test
hf-194674,validation
hf-194681,train
hf-194700,test
hf-194713,train
hf-194719,train
hf-194723,test
hf-194754,validation
hf-194779,train
hf-194805,validation
hf-194807,train
hf-194815,train
hf-19482,validation
hf-194831,train
hf-194834,train
hf-194847,train
hf-194850,train
hf-194855,train
hf-194863,validation
hf-19487,train
hf-194873,test
hf-194888,train
hf-194889,test
hf-19489,test
hf-194891,train
hf-194899,train
hf-194903,train
hf-194911,test
hf-19492,train
hf-194922,train
hf-194934,train
hf-194945,test
hf-194959,train
hf-194960,train
hf-194963,train
hf-194973,train
hf-194979,train
hf-194982,validation
hf-194984,train
hf-194994,train
hf-195,train
hf-195005,train
hf-195024,validation
hf-195053,validation
hf-195063,train
hf-195068,train
hf-195069,train
hf-195083,train
hf-195085,train
hf-19509,test
hf-195091,train
hf-195105,test
hf-195125,test
hf-195145,test
hf-195150,train
hf-195151,test
hf-195158,test
hf-195160,train
hf-195178,train
hf-195186,test
hf-195194,train
hf-195195,test
hf-19520,train
hf-195207,train
hf-195209,train
hf-195212,test
hf-195214,train
hf-195217,train
hf-195222,validation
hf-195224,test
hf-195229,train
hf-195232,train
hf-195242,train
hf-195244,validation
hf-195246,validation
hf-195255,test
hf-195259,train
hf-195272,test
hf-195319,validation
hf-195321,train
hf-195322,validation
hf-195323,train
hf-195355,test
hf-195369,validation
hf-195373,train
hf-195375,train
hf-195398,test
hf-195403,test
hf-195409,train
hf-195413,test
hf-195418,validation
hf-195420,train
hf-195430,test
hf-195435,validation
hf-195439,train
hf-195446,train
hf-195453,train
hf-195458,test
hf-195463,train
hf-195471,train
hf-195477,train
hf-195479,train
hf-195483,train
hf-195489,validation
hf-195490,train
hf-195491,validation
hf-19550,train
hf-195522,validation
hf-195524,train
hf-195525,train
hf-195528,train
hf-195550,train
hf-195552,train
hf-195554,test
hf-195556,validation
hf-195557,train
hf-195561,train
hf-195563,train
hf-195566,test
hf-195574,validation
hf-195577,test
hf-195580,test
hf-195600,train
hf-195605,train
hf-195611,train
hf-195627,validation
hf-195642,train
hf-195645,test
hf-195653,validation
hf-195666,train
hf-195668,train
hf-195674,train
hf-195676,test
hf-195681,train
hf-195708,test
hf-195726,train
hf-195735,train
hf-195739,train
hf-195742,test
hf-195744,train
hf-195755,train
hf-195764,train
hf-195765,train
hf-195774,validation
hf-19579,train
hf-195818,validation
hf-195839,train
hf-195849,train
hf-195854,test
hf-195865,test
hf-195869,train
hf-195903,test
hf-195904,train
hf-195908,train
hf-195911,train
hf-195953,train
hf-195970,train
hf-195971,validation
hf-195974,test
hf-195975,train
hf-19599,validation
hf-195992,train
hf-195995,train
hf-196016,test
hf-196020,test
hf-196033,validation
hf-196039,validation
hf-196041,validation
hf-196042,train
hf-196044,train
hf-196048,validation
hf-19605,test
hf-196062,train
hf-196069,test
hf-196080,train
hf-196086,validation
hf-196089,test
hf-196099,train
hf-196112,test
hf-196119,validation
hf-196122,train
hf-196126,test
hf-196139,train
hf-196142,train
hf-196148,train
hf-196163,train
hf-196165,train
hf-196177,train
hf-196186,test
hf-196197,train
hf-196225,train
hf-196227,train
hf-196230,validation
hf-196238,train
hf-196251,train
hf-196264,train
hf-196266,train
hf-196272,validation
hf-196275,train
hf-196280,test
hf-196285,train
hf-196292,validation
hf-196294,validation
hf-196295,train
hf-196302,train
hf-196325,test
hf-196328,validation
hf-196334,train
hf-196340,train
hf-196345,validation
hf-196347,train
hf-196356,train
hf-196382,validation
hf-196383,train
hf-19639,train
hf-196391,test
hf-196392,train
hf-1964,train
hf-196404,train
hf-196412,validation
hf-196417,validation
hf-19644,validation
hf-196442,train
hf-196446,validation
hf-196447,train
hf-196454,train
hf-196466,test
hf-196468,validation
hf-19647,train
hf-196476,train
hf-196477,train
hf-196478,train
hf-196479,train
hf-1965,validation
hf-196502,train
hf-196509,validation
hf-196510,train
hf-196526,train
hf-196547,test
hf-196563,validation
hf-196589,test
hf-196592,train
hf-196599,test
hf-19660,test
hf-196609,train
hf-196621,train
hf-196622,train
hf-196624,train
hf-196630,validation
hf-196633,train
hf-196640,train
hf-196649,train
hf-196652,validation
hf-196658,test
hf-196670,train
hf-196687,train
hf-196693,train
hf-196696,train
hf-19670,train
hf-196706,train
hf-196707,train
hf-196728,train
hf-196730,train
hf-196756,train
hf-196761,validation
hf-196764,validation
hf-196768,train
hf-196771,train
hf-196773,train
hf-196776,test
hf-196791,test
hf-196793,train
hf-196814,train
hf-196816,test
hf-196820,train
hf-196832,train
hf-196837,test
hf-19686,train
hf-196865,test
hf-196872,train
hf-196887,test
hf-196888,train
hf-196895,train
hf-19690,test
hf-196906,validation
hf-196916,train
hf-196935,train
hf-196956,test
hf-196967,train
hf-196974,train
hf-196975,train
hf-196986,test
hf-196999,test
hf-1970,train
hf-197000,train
hf-197005,test
hf-197013,train
hf-197033,train
hf-197037,train
hf-197040,train
hf-197053,train
hf-197054,validation
hf-197055,test
hf-197058,validation
hf-197063,train
hf-197072,train
hf-197073,train
hf-19708,train
hf-197083,train
hf-197094,train
hf-197099,test
hf-197120,train
hf-197126,train
hf-19713,validation
hf-197131,validation
hf-197142,train
hf-197150,train
hf-19716,train
hf-197179,test
hf-19718,validation
hf-197204,train
hf-197210,train
hf-197212,train
hf-197214,validation
hf-197219,train
hf-197223,validation
hf-197226,validation
hf-197244,train
hf-197249,train
hf-197267,train
hf-197269,test
hf-197271,test
hf-197272,train
hf-197279,train
hf-197316,train
hf-197318,test
hf-197319,train
hf-197327,test
hf-197343,train
hf-197344,train
hf-197363,validation
hf-197370,train
hf-197375,train
hf-197383,train
hf-197387,train
hf-19739,train
hf-197390,train
hf-197407,test
hf-19741,test
hf-197438,train
hf-197447,train
hf-197448,validation
hf-197451,train
hf-19746,validation
hf-197460,train
hf-197468,validation
hf-197474,validation
hf-197475,validation
hf-197479,train
hf-197480,train
hf-197485,test
hf-197488,validation
hf-197500,test
hf-197529,train
hf-19753,train
hf-197531,test
hf-197535,train
hf-197538,test
hf-197542,validation
hf-197553,test
hf-197556,test
hf-197568,validation
hf-197571,train
hf-197573,train
hf-197576,train
hf-197581,train
hf-197583,train
hf-1976,train
hf-197614,train
hf-197616,train
hf-197624,train
hf-197625,train
hf-197648,train
hf-197654,train
hf-197665,train
hf-197669,validation
hf-19767,test
hf-197671,train
hf-197674,train
hf-197686,train
hf-197695,test
hf-1977,train
hf-197700,train
hf-197701,train
hf-197706,train
hf-197730,test
hf-197731,test
hf-19774,test
hf-197765,train
hf-197768,train
hf-197772,train
hf-197800,test
hf-197803,train
hf-197813,validation
hf-197856,train
hf-197863,validation
hf-197870,test
hf-197876,train
hf-197887,validation
hf-197891,train
hf-1979,test
hf-197908,train
hf-197909,train
hf-197931,validation
hf-19794,validation
hf-197947,train
hf-197951,train
hf-197968,train
hf-197973,train
hf-197994,train
hf-197995,test
hf-197997,train
hf-198003,test
hf-198010,test
hf-198012,train
hf-19805,train
hf-198071,train
hf-19808,train
hf-198084,validation
hf-198086,train
hf-198089,test
hf-198102,train
hf-198105,train
hf-19811,train
hf-198141,train
hf-198155,test
hf-198156,validation
hf-198175,validation
hf-198178,test
hf-198205,validation
hf-19821,test
hf-198215,train
hf-19823,validation
hf-198235,train
hf-198237,train
hf-198244,train
hf-198258,train
hf-198267,test
hf-198270,train
hf-198275,train
hf-198280,train
hf-198302,test
hf-198308,validation
hf-198325,test
hf-198335,train
hf-198336,train
hf-198337,validation
hf-198348,test
hf-198349,validation
hf-198350,train
hf-198363,train
hf-198364,test
hf-198381,validation
hf-198391,train
hf-198406,validation
hf-198409,validation
hf-198412,train
hf-198415,validation
hf-198441,train
hf-19845,validation
hf-198451,train
hf-198481,train
hf-198488,train
hf-198527,train
hf-198534,train
hf-198540,test
hf-198552,train
hf-198561,train
hf-198562,train
hf-198564,train
hf-198574,train
hf-198584,train
hf-19859,test
hf-198605,train
hf-19861,train
hf-198618,validation
hf-19862,train
hf-198623,validation
hf-198628,train
hf-198632,test
hf-198649,train
hf-198650,train
hf-198664,validation
hf-198671,validation
hf-198689,test
hf-198692,validation
hf-198693,train
hf-198696,train
hf-198703,validation
hf-198711,train
hf-198713,train
hf-198725,validation
hf-198739,train
hf-198756,train
hf-198762,validation
hf-19877,validation
hf-198772,validation
hf-198774,train
hf-19880,train
hf-198803,train
hf-198806,test
hf-19881,train
hf-198813,validation
hf-198818,train
hf-198820,test
hf-198838,train
hf-198842,train
hf-198850,test
hf-198861,test
hf-198862,validation
hf-198863,test
hf-198896,train
hf-198902,train
hf-198912,test
hf-19893,train
hf-19894,train
hf-198947,validation
hf-198958,train
hf-198965,train
hf-198966,train
hf-19897,train
hf-198983,validation
hf-198986,test
hf-198988,test
hf-198989,train
hf-198998,test
hf-19902,train
hf-199042,test
hf-199043,test
hf-199049,train
hf-199050,train
hf-199058,test
hf-199072,validation
hf-199075,test
hf-199086,train
hf-199107,train
hf-199108,train
hf-19911,train
hf-199115,train
hf-199128,train
hf-199136,validation
hf-199150,train
hf-19916,train
hf-199172,train
hf-199200,train
hf-199203,train
hf-199223,validation
hf-199235,train
hf-199239,test
hf-199243,train
hf-199258,train
hf-199276,test
hf-199280,train
hf-199282,train
hf-199299,train
hf-199300,validation
hf-199303,train
hf-199304,validation
hf-199310,train
hf-199322,train
hf-199324,train
hf-199327,train
hf-199347,train
hf-199353,train
hf-199362,train
hf-199404,train
hf-199423,validation
hf-199424,validation
hf-199426,validation
hf-199435,train
hf-199436,train
hf-199446,test
hf-199471,validation
hf-199478,test
hf-199482,train
hf-19949,train
hf-19950,validation
hf-199500,test
hf-199503,train
hf-199529,train
hf-199531,train
hf-199534,train
hf-199535,train
hf-199540,train
hf-19955,validation
hf-199568,train
hf-199583,validation
hf-199590,test
hf-199591,train
hf-199630,train
hf-199636,test
hf-199649,validation
hf-199662,train
hf-199665,train
hf-199681,test
hf-199704,validation
hf-199714,validation
hf-199747,test
hf-199757,validation
hf-199770,train
hf-199781,train
hf-199785,train
hf-199792,train
hf-199795,validation
hf-199797,train
hf-199801,test
hf-199815,test
hf-199817,validation
hf-199823,validation
hf-199828,validation
hf-199839,test
hf-199840,test
hf-199846,test
hf-199857,test
hf-199875,test
hf-199879,test
hf-199881,train
hf-199894,train
hf-1999,train
hf-199905,test
hf-199910,validation
hf-199911,test
hf-199914,train
hf-19993,test
hf-199934,train
hf-199947,train
hf-199957,train
hf-199978,test
hf-199979,train
hf-199992,validation
hf-200000,train
hf-200013,test
hf-200036,test
hf-200040,test
hf-200058,train
hf-200061,test
hf-200072,train
hf-200090,train
hf-200094,test
hf-200099,train
hf-20013,train
hf-200153,train
hf-200154,test
hf-200161,validation
hf-200164,train
hf-200182,validation
hf-2002,train
hf-20020,test
hf-200201,train
hf-20021,validation
hf-200216,train
hf-200256,train
hf-200259,train
hf-200279,train
hf-200294,train
hf-200297,train
hf-200306,validation
hf-200311,train
hf-200313,train
hf-20033,train
hf-200334,train
hf-20036,train
hf-200370,train
hf-200372,test
hf-200386,train
hf-200392,train
hf-200393,train
hf-200401,train
hf-200426,test
hf-200458,train
hf-20046,train
hf-200469,train
hf-200470,train
hf-200484,test
hf-200485,train
hf-200497,test
hf-200510,test
hf-200511,test
hf-200515,train
hf-200526,train
hf-200537,test
hf-200554,train
hf-200561,train
hf-200573,train
hf-200575,train
hf-20059,test
hf-200599,test
hf-20061,train
hf-200615,train
hf-200616,test
hf-200622,train
hf-200627,validation
hf-200647,train
hf-200649,train
hf-200686,test
hf-200692,train
hf-20070,train
hf-200716,train
hf-200717,validation
hf-200720,train
hf-200727,train
hf-20073,validation
hf-200732,train
hf-200744,train
hf-200747,train
hf-200776,train
hf-200797,train
hf-200807,train
hf-200808,test
hf-20081,train
hf-200857,train
hf-200861,train
hf-200863,test
hf-20088,train
hf-20089,train
hf-20090,train
hf-200925,train
hf-200929,train
hf-200943,train
hf-200974,train
hf-200990,test
hf-201021,train
hf-201034,validation
hf-201038,train
hf-201041,train
hf-201044,train
hf-201045,train
hf-201046,test
hf-20105,train
hf-201060,train
hf-201072,validation
hf-201085,train
hf-201086,train
hf-201087,train
hf-20109,train
hf-201091,validation
hf-201092,train
hf-201105,test
hf-201128,test
hf-201159,validation
hf-201166,train
hf-201171,train
hf-201174,validation
hf-201183,train
hf-201188,train
hf-201193,train
hf-201202,train
hf-201220,train
hf-201225,validation
hf-201251,train
hf-201259,test
hf-20126,train
hf-201261,train
hf-201271,test
hf-201291,test
hf-20174,train
hf-20206,train
hf-20210,validation
hf-20218,test
hf-20231,validation
hf-20238,train
hf-20244,train
hf-20251,validation
hf-20267,validation
hf-20281,train
hf-20284,validation
hf-20326,train
hf-20332,train
hf-20333,train
hf-20340,train
hf-20359,train
hf-20381,train
hf-20383,validation
hf-20386,train
hf-2040,train
hf-20423,validation
hf-20430,train
hf-20437,train
hf-20441,test
hf-20450,train
hf-20466,train
hf-20467,train
hf-20468,train
hf-20475,train
hf-20496,validation
hf-20500,train
hf-20513,validation
hf-20514,validation
hf-20534,train
hf-20542,train
hf-20546,train
hf-20549,validation
hf-20574,train
hf-20577,test
hf-20578,train
hf-2060,train
hf-20606,validation
hf-20613,train
hf-20629,validation
hf-20667,train
hf-20669,train
hf-20670,train
hf-20682,train
hf-20686,validation
hf-20689,train
hf-20697,train
hf-20737,validation
hf-20740,train
hf-20755,train
hf-20757,validation
hf-20759,train
hf-20775,train
hf-20776,train
hf-20787,validation
hf-20795,train
hf-20802,validation
hf-20807,train
hf-20811,validation
hf-20814,test
hf-20818,train
hf-20824,train
hf-20834,test
hf-20849,validation
hf-20854,train
hf-2086,test
hf-20865,train
hf-20869,train
hf-20871,train
hf-20888,train
hf-20903,train
hf-20952,test
hf-20956,train
hf-20974,test
hf-20987,train
hf-21027,train
hf-21040,validation
hf-21049,validation
hf-2105,validation
hf-21054,validation
hf-21081,train
hf-21082,train
hf-21084,validation
hf-21092,test
hf-21112,test
hf-21113,train
hf-21120,validation
hf-21126,test
hf-2113,test
hf-21132,validation
hf-21138,validation
hf-2115,train
hf-21160,train
hf-21211,train
hf-2122,train
hf-21224,validation
hf-21252,train
hf-21279,train
hf-21286,test
hf-21289,validation
hf-2129,test
hf-21290,train
hf-21313,train
hf-21317,train
hf-21324,test
hf-21348,validation
hf-21349,train
hf-21356,train
hf-2136,train
hf-21363,test
hf-21370,train
hf-21375,train
hf-21379,validation
hf-2138,train
hf-21385,train
hf-21397,train
hf-21408,train
hf-21410,test
hf-21413,test
hf-21418,train
hf-21430,train
hf-21445,train
hf-21452,validation
hf-21458,train
hf-21464,train
hf-21465,train
hf-21467,train
hf-21468,test
hf-21478,validation
hf-21486,train
hf-21501,test
hf-21503,train
hf-21516,train
hf-2152,train
hf-21528,train
hf-21543,train
hf-21571,train
hf-21580,validation
hf-21594,test
hf-21598,train
hf-21609,validation
hf-21614,train
hf-21615,validation
hf-2163,train
hf-21646,train
hf-21649,validation
hf-2167,validation
hf-21679,train
hf-21705,train
hf-21716,train
hf-2172,train
hf-2173,validation
hf-21731,test
hf-21748,train
hf-21769,train
hf-21811,train
hf-21822,train
hf-21837,validation
hf-21862,train
hf-21884,train
hf-21885,train
hf-21890,train
hf-21894,test
hf-21898,train
hf-21915,train
hf-2193,train
hf-21938,test
hf-21944,train
hf-21960,train
hf-21965,train
hf-21971,validation
hf-21976,test
hf-22,validation
hf-22001,train
hf-22003,train
hf-22019,train
hf-22026,validation
hf-22032,train
hf-22059,train
hf-2207,test
hf-22082,train
hf-22096,validation
hf-22123,validation
hf-22134,validation
hf-22136,train
hf-22162,test
hf-22170,train
hf-22212,train
hf-22214,train
hf-22249,train
hf-22268,train
hf-22272,train
hf-22273,train
hf-22278,validation
hf-22282,train
hf-22296,train
hf-22301,train
hf-22305,train
hf-2231,train
hf-22311,train
hf-22324,test
hf-2233,train
hf-22333,train
hf-22341,validation
hf-22345,train
hf-22349,train
hf-2235,train
hf-22361,test
hf-22373,train
hf-22375,train
hf-22377,train
hf-22387,train
hf-22404,validation
hf-22408,validation
hf-2242,train
hf-22450,validation
hf-22461,train
hf-22484,validation
hf-22493,train
hf-22494,train
hf-22498,train
hf-22512,train
hf-22513,validation
hf-22518,train
hf-22519,train
hf-22527,train
hf-2254,train
hf-22540,train
hf-22571,validation
hf-22598,train
hf-22599,validation
hf-22607,test
hf-22619,train
hf-2262,train
hf-22626,train
hf-2264,validation
hf-22645,validation
hf-22648,train
hf-22661,test
hf-22663,train
hf-22669,train
hf-22675,test
hf-2268,validation
hf-22683,validation
hf-22685,test
hf-22688,train
hf-22698,train
hf-22707,train
hf-22711,train
hf-22723,train
hf-22760,test
hf-22809,train
hf-22811,train
hf-22832,train
hf-22833,train
hf-22843,validation
hf-22862,validation
hf-22868,validation
hf-22875,train
hf-2288,test
hf-22887,test
hf-22898,train
hf-22899,train
hf-22918,train
hf-22929,train
hf-22956,train
hf-2296,validation
hf-22984,train
hf-22987,test
hf-22990,train
hf-2300,train
hf-23001,validation
hf-23006,train
hf-23020,train
hf-23044,test
hf-23064,train
hf-23072,train
hf-23077,train
hf-23090,validation
hf-23102,train
hf-23125,test
hf-23140,validation
hf-23146,train
hf-23164,train
hf-23171,validation
hf-23177,validation
hf-23188,train
hf-23197,train
hf-23208,train
hf-23209,validation
hf-23211,train
hf-23213,train
hf-23218,test
hf-23219,validation
hf-23223,test
hf-23231,train
hf-23235,train
hf-23239,validation
hf-23240,train
hf-23242,train
hf-23246,train
hf-23253,train
hf-23273,train
hf-23274,train
hf-23286,train
hf-23293,train
hf-23297,validation
hf-2331,train
hf-23314,validation
hf-23333,train
hf-23343,train
hf-23355,train
hf-23366,test
hf-23373,validation
hf-23392,train
hf-23420,train
hf-23455,train
hf-2346,train
hf-23465,train
hf-23467,validation
hf-23484,test
hf-23485,train
hf-23486,validation
hf-23501,train
hf-23508,train
hf-23511,train
hf-23522,train
hf-23523,test
hf-23535,validation
hf-23537,train
hf-23552,train
hf-23587,validation
hf-23588,validation
hf-23590,train
hf-23605,train
hf-2362,test
hf-2363,test
hf-23644,test
hf-23646,train
hf-23658,test
hf-23661,validation
hf-23669,test
hf-23677,train
hf-23678,validation
hf-23683,train
hf-23686,train
hf-23687,validation
hf-23688,validation
hf-23698,validation
hf-237,validation
hf-23706,validation
hf-23710,validation
hf-23713,validation
hf-23730,test
hf-23734,train
hf-2375,validation
hf-23750,train
hf-23764,train
hf-23770,train
hf-23787,train
hf-2379,train
hf-23797,train
hf-238,train
hf-2381,validation
hf-23820,train
hf-23822,validation
hf-2385,train
hf-23857,train
hf-23863,validation
hf-23869,train
hf-23882,train
hf-23885,train
hf-23917,validation
hf-23920,train
hf-2393,train
hf-23943,train
hf-23947,test
hf-23952,train
hf-23974,validation
hf-23976,train
hf-23994,validation
hf-2401,train
hf-24013,test
hf-24023,train
hf-24030,test
hf-24033,validation
hf-24049,validation
hf-24059,train
hf-2408,train
hf-24096,train
hf-24101,validation
hf-2411,train
hf-24110,train
hf-24117,train
hf-24133,train
hf-24140,test
hf-24145,train
hf-24167,validation
hf-24169,train
hf-24181,train
hf-24184,train
hf-24185,train
hf-24196,train
hf-242,train
hf-24203,train
hf-24235,test
hf-24251,train
hf-24258,train
hf-24280,train
hf-24286,test
hf-2429,train
hf-24304,train
hf-24314,test
hf-24319,train
hf-24332,test
hf-24356,train
hf-2436,train
hf-24370,train
hf-24378,train
hf-24382,train
hf-24385,validation
hf-24428,train
hf-24443,train
hf-24444,train
hf-24450,train
hf-24454,validation
hf-24470,train
hf-24473,validation
hf-24476,test
hf-24477,train
hf-24484,train
hf-2449,train
hf-24494,validation
hf-24499,train
hf-24504,test
hf-24506,train
hf-24511,train
hf-24528,train
hf-24535,validation
hf-24542,train
hf-24546,test
hf-24547,train
hf-24549,test
hf-24557,train
hf-24570,validation
hf-24571,train
hf-24581,train
hf-24593,validation
hf-24595,validation
hf-24609,train
hf-24614,train
hf-24625,test
hf-24627,validation
hf-24629,train
hf-2463,train
hf-24643,validation
hf-24661,train
hf-24662,train
hf-24667,train
hf-24672,validation
hf-24679,validation
hf-24692,train
hf-24695,validation
hf-24699,train
hf-24708,test
hf-24712,test
hf-24720,train
hf-24724,train
hf-24760,train
hf-24764,train
hf-24767,validation
hf-24778,train
hf-24784,test
hf-24792,train
hf-24795,train
hf-24806,test
hf-24817,validation
hf-24823,validation
hf-24824,train
hf-2484,test
hf-24847,test
hf-2485,validation
hf-24854,train
hf-24861,train
hf-24870,train
hf-24894,validation
hf-24901,train
hf-24926,train
hf-24927,test
hf-24929,train
hf-24933,validation
hf-24936,train
hf-2494,validation
hf-2495,validation
hf-24954,train
hf-24965,train
hf-24979,train
hf-2498,train
hf-24991,train
hf-25013,validation
hf-25026,train
hf-2504,train
hf-25047,train
hf-25048,train
hf-25075,validation
hf-25082,train
hf-25084,validation
hf-25087,train
hf-25093,train
hf-25101,test
hf-25109,test
hf-25113,train
hf-25121,train
hf-2513,train
hf-25142,test
hf-25146,train
hf-25149,validation
hf-25165,validation
hf-25172,test
hf-25175,validation
hf-25182,validation
hf-25183,train
hf-25214,train
hf-25215,train
hf-25222,train
hf-25245,validation
hf-25253,test
hf-25260,validation
hf-25275,train
hf-25278,train
hf-25287,test
hf-2530,train
hf-25337,train
hf-25353,train
hf-25360,train
hf-25367,train
hf-2537,train
hf-25371,validation
hf-2538,test
hf-25383,validation
hf-25385,validation
hf-25389,train
hf-25390,train
hf-25397,train
hf-2540,validation
hf-25414,train
hf-25417,validation
hf-25427,test
hf-25431,train
hf-25434,train
hf-25454,train
hf-25466,test
hf-25468,train
hf-25481,train
hf-25489,test
hf-25493,validation
hf-25496,train
hf-25504,train
hf-25527,train
hf-25539,train
hf-25543,train
hf-25546,test
hf-25553,train
hf-25555,validation
hf-2556,test
hf-25578,train
hf-25582,train
hf-25585,test
hf-25587,train
hf-25591,train
hf-256,test
hf-25601,train
hf-25603,train
hf-25606,train
hf-25621,validation
hf-25625,test
hf-2563,train
hf-25642,train
hf-25660,train
hf-25676,train
hf-25677,train
hf-25687,validation
hf-2570,train
hf-25701,train
hf-25705,test
hf-25706,train
hf-25708,train
hf-25719,train
hf-2572,validation
hf-25738,test
hf-25748,train
hf-25749,train
hf-25751,test
hf-25756,train
hf-25768,test
hf-25798,test
hf-25799,test
hf-25808,train
hf-25817,train
hf-25827,test
hf-25831,test
hf-25857,train
hf-25858,validation
hf-2588,train
hf-25890,train
hf-25891,train
hf-2591,train
hf-25914,validation
hf-25946,train
hf-25962,train
hf-25982,train
hf-25983,train
hf-26007,validation
hf-26018,validation
hf-26044,train
hf-26072,train
hf-2609,train
hf-261,train
hf-2613,test
hf-26146,train
hf-2616,test
hf-26174,test
hf-26180,train
hf-26186,test
hf-26188,test
hf-262,test
hf-26227,train
hf-26229,train
hf-26235,train
hf-26236,train
hf-26253,train
hf-26259,train
hf-2627,validation
hf-26283,validation
hf-26288,train
hf-26310,train
hf-26322,test
hf-2633,train
hf-26332,test
hf-26337,test
hf-26366,test
hf-26367,test
hf-26383,train
hf-26390,train
hf-26391,validation
hf-26394,test
hf-26406,train
hf-26424,test
hf-26441,train
hf-26443,validation
hf-26450,train
hf-26453,test
hf-26463,train
hf-26481,train
hf-26491,validation
hf-26492,validation
hf-26494,validation
hf-265,train
hf-26504,test
hf-26518,validation
hf-26519,train
hf-26525,validation
hf-26538,train
hf-26540,train
hf-26554,train
hf-26555,test
hf-26563,test
hf-26570,validation
hf-26586,train
hf-26588,train
hf-26590,train
hf-26610,train
hf-26623,test
hf-26645,train
hf-26659,train
hf-26685,train
hf-26686,train
hf-26689,test
hf-26707,test
hf-26713,train
hf-26740,train
hf-2675,train
hf-26753,train
hf-26772,test
hf-26778,test
hf-26781,train
hf-26784,train
hf-26802,validation
hf-26803,validation
hf-26804,test
hf-26816,test
hf-26827,test
hf-26837,train
hf-26856,train
hf-26869,validation
hf-26879,train
hf-2688,train
hf-26895,train
hf-26930,validation
hf-26933,validation
hf-26935,validation
hf-26963,train
hf-270,train
hf-27022,test
hf-27075,train
hf-27080,train
hf-27104,test
hf-27107,train
hf-2713,train
hf-27131,train
hf-27136,validation
hf-27165,validation
hf-27166,train
hf-27167,train
hf-2718,train
hf-27185,train
hf-27191,train
hf-272,train
hf-2724,train
hf-27245,train
hf-27247,train
hf-27253,train
hf-27263,train
hf-27267,train
hf-27285,train
hf-273,test
hf-27323,train
hf-27336,test
hf-27339,test
hf-27345,train
hf-27346,train
hf-27359,train
hf-27362,train
hf-27381,train
hf-27389,train
hf-2741,validation
hf-27415,validation
hf-27417,train
hf-27418,test
hf-27434,train
hf-27445,train
hf-27448,train
hf-27457,train
hf-27458,train
hf-27469,train
hf-27471,train
hf-27474,validation
hf-27480,train
hf-27490,train
hf-27520,train
hf-27530,train
hf-27533,validation
hf-27539,validation
hf-27542,train
hf-27549,validation
hf-2755,test
hf-27576,validation
hf-27582,train
hf-27589,train
hf-27590,train
hf-27600,train
hf-27607,train
hf-27643,test
hf-27645,train
hf-27649,validation
hf-27665,train
hf-27667,validation
hf-2767,test
hf-27688,train
hf-27697,test
hf-27700,train
hf-27703,train
hf-27713,train
hf-27719,train
hf-27733,validation
hf-27739,train
hf-27742,validation
hf-27746,validation
hf-27748,train
hf-27750,test
hf-27770,test
hf-27800,validation
hf-27801,validation
hf-27806,test
hf-27811,validation
hf-27845,train
hf-27850,test
hf-27854,train
hf-27857,train
hf-27858,test
hf-27863,train
hf-27874,train
hf-27880,validation
hf-27890,train
hf-27894,train
hf-27895,test
hf-27896,train
hf-27904,train
hf-27906,train
hf-27913,train
hf-27937,train
hf-27945,validation
hf-27962,train
hf-27964,train
hf-27985,validation
hf-27991,test
hf-27995,train
hf-28001,train
hf-28006,train
hf-2801,train
hf-28017,validation
hf-28018,train
hf-28042,test
hf-28049,train
hf-28050,train
hf-28057,train
hf-28064,train
hf-28084,train
hf-28085,test
hf-28113,validation
hf-28114,test
hf-28115,train
hf-28119,test
hf-28149,train
hf-2815,train
hf-28167,test
hf-28178,train
hf-2818,train
hf-28193,validation
hf-28196,train
hf-28209,train
hf-28216,train
hf-28222,train
hf-28227,train
hf-28254,train
hf-28263,train
hf-28267,validation
hf-28271,train
hf-28278,train
hf-28280,train
hf-28294,test
hf-28306,test
hf-28310,train
hf-28311,test
hf-28313,train
hf-28323,test
hf-28327,train
hf-28331,test
hf-28340,train
hf-28346,train
hf-28347,test
hf-28352,train
hf-28368,train
hf-28374,test
hf-28384,train
hf-28392,train
hf-28403,test
hf-2841,train
hf-28417,train
hf-28418,train
hf-28423,test
hf-28435,train
hf-28441,train
hf-28447,train
hf-2846,validation
hf-28461,train
hf-2848,train
hf-28486,test
hf-28496,validation
hf-285,train
hf-28502,train
hf-28503,validation
hf-28506,validation
hf-28510,test
hf-2852,train
hf-28573,test
hf-28589,train
hf-28596,train
hf-286,test
hf-28614,train
hf-2862,train
hf-28622,train
hf-28629,test
hf-2863,validation
hf-28637,train
hf-2865,validation
hf-28652,train
hf-28654,train
hf-28657,validation
hf-28665,train
hf-28667,train
hf-28678,validation
hf-2868,train
hf-28686,train
hf-28697,test
hf-2870,train
hf-28703,test
hf-28706,train
hf-28713,train
hf-28716,validation
hf-28720,test
hf-28723,train
hf-28739,validation
hf-28741,train
hf-28749,train
hf-28762,test
hf-28765,train
hf-28766,train
hf-28777,train
hf-28785,test
hf-28793,train
hf-28802,train
hf-28811,validation
hf-28818,train
hf-28823,validation
hf-28847,train
hf-28850,train
hf-2888,validation
hf-28881,validation
hf-28890,test
hf-28912,train
hf-28913,train
hf-28921,train
hf-28925,train
hf-2893,test
hf-28935,validation
hf-28958,train
hf-28967,train
hf-28971,train
hf-28993,train
hf-28999,validation
hf-29002,train
hf-29021,test
hf-29039,train
hf-2904,test
hf-29042,validation
hf-29043,test
hf-29054,validation
hf-29057,train
hf-29061,train
hf-29099,train
hf-29112,train
hf-29119,validation
hf-29120,train
hf-2913,validation
hf-2914,train
hf-29143,train
hf-29156,train
hf-29158,train
hf-29160,train
hf-29167,train
hf-29170,train
hf-29189,train
hf-29208,train
hf-29213,train
hf-29222,validation
hf-29238,train
hf-29249,train
hf-29258,train
hf-29277,test
hf-29288,train
hf-29299,train
hf-29302,train
hf-29305,validation
hf-29306,train
hf-29309,train
hf-29331,train
hf-29343,validation
hf-29356,validation
hf-29358,validation
hf-29363,train
hf-29366,train
hf-29380,validation
hf-29413,validation
hf-29416,validation
hf-29425,train
hf-29434,train
hf-29453,train
hf-29454,train
hf-29470,validation
hf-29472,validation
hf-29478,validation
hf-29485,train
hf-29496,train
hf-29506,test
hf-29518,validation
hf-29523,test
hf-29524,train
hf-29531,test
hf-29549,train
hf-2956,test
hf-29561,train
hf-29588,test
hf-29599,validation
hf-2960,train
hf-29614,test
hf-29646,validation
hf-29656,validation
hf-29660,train
hf-29665,train
hf-29668,train
hf-29690,train
hf-29700,train
hf-29706,train
hf-29718,validation
hf-29724,train
hf-29733,test
hf-2974,train
hf-29741,test
hf-29763,train
hf-298,train
hf-2981,train
hf-29815,train
hf-29827,train
hf-29835,validation
hf-29839,train
hf-29849,train
hf-29857,train
hf-2986,test
hf-29864,train
hf-29869,validation
hf-29894,test
hf-29901,train
hf-2992,train
hf-29926,train
hf-29929,validation
hf-29932,train
hf-29945,test
hf-29952,test
hf-2996,train
hf-29962,train
hf-29964,train
hf-29972,train
hf-29981,train
hf-29982,validation
hf-30001,validation
hf-3001,validation
hf-30016,train
hf-30022,validation
hf-30040,train
hf-30054,train
hf-30068,train
hf-30074,test
hf-30094,train
hf-30098,train
hf-30116,train
hf-30124,validation
hf-30142,train
hf-3016,train
hf-30160,train
hf-30181,train
hf-30191,train
hf-30198,train
hf-302,train
hf-30205,train
hf-30210,train
hf-30222,train
hf-30228,validation
hf-30229,validation
hf-30234,test
hf-30241,validation
hf-30244,train
hf-30255,train
hf-30280,train
hf-30302,train
hf-30303,train
hf-30315,train
hf-30316,validation
hf-30322,test
hf-30334,train
hf-30336,validation
hf-30358,train
hf-30370,test
hf-30372,test
hf-30376,train
hf-30385,train
hf-30389,train
hf-30391,train
hf-30404,validation
hf-30409,train
hf-30414,train
hf-30430,validation
hf-30459,train
hf-30462,train
hf-30464,train
hf-30485,validation
hf-3049,train
hf-3050,validation
hf-30502,train
hf-30517,train
hf-30522,test
hf-3054,validation
hf-30546,train
hf-30557,train
hf-30563,train
hf-3057,validation
hf-30570,test
hf-30575,validation
hf-30588,test
hf-3059,train
hf-30594,test
hf-306,train
hf-30605,validation
hf-30626,train
hf-3063,train
hf-30635,train
hf-30648,train
hf-3065,train
hf-30664,train
hf-30668,train
hf-30677,train
hf-30683,train
hf-30687,train
hf-30688,validation
hf-307,train
hf-30703,train
hf-30712,train
hf-30719,validation
hf-3072,validation
hf-30720,train
hf-30722,test
hf-30724,train
hf-30726,train
hf-30753,validation
hf-30759,train
hf-3077,train
hf-30773,test
hf-30784,validation
hf-30828,train
hf-30829,train
hf-30834,validation
hf-30843,train
hf-30851,train
hf-30870,train
hf-30885,train
hf-30901,test
hf-30905,train
hf-30913,train
hf-30922,train
hf-30933,train
hf-30937,validation
hf-30941,train
hf-30951,train
hf-30962,test
hf-30967,validation
hf-30986,validation
hf-3099,validation
hf-30994,test
hf-31003,test
hf-31009,train
hf-31032,train
hf-31033,validation
hf-31035,test
hf-31037,train
hf-31038,train
hf-31049,train
hf-31053,validation
hf-31054,test
hf-31056,train
hf-31062,validation
hf-31064,train
hf-31069,train
hf-31080,train
hf-3109,validation
hf-31090,train
hf-31091,train
hf-31108,validation
hf-3112,train
hf-31125,test
hf-31134,train
hf-31136,train
hf-31140,validation
hf-31141,validation
hf-31142,train
hf-31162,train
hf-31166,train
hf-31196,train
hf-31200,train
hf-31206,train
hf-31228,train
hf-31230,train
hf-31231,train
hf-31235,validation
hf-31239,train
hf-31240,test
hf-31255,test
hf-31258,train
hf-31281,train
hf-31290,train
hf-31291,train
hf-31294,validation
hf-31295,train
hf-31307,train
hf-31317,train
hf-31338,train
hf-31372,train
hf-31378,train
hf-31380,train
hf-31381,test
hf-31383,train
hf-31388,train
hf-31390,train
hf-31406,train
hf-31408,train
hf-31423,validation
hf-31424,test
hf-31427,test
hf-31469,validation
hf-31473,validation
hf-31482,test
hf-31486,test
hf-31509,validation
hf-31512,validation
hf-31520,validation
hf-31523,train
hf-31538,train
hf-31540,train
hf-31549,train
hf-31555,train
hf-31557,validation
hf-31564,train
hf-31569,train
hf-31587,test
hf-31603,test
hf-31607,test
hf-3161,validation
hf-31628,test
hf-31630,train
hf-31635,train
hf-31650,train
hf-31659,validation
hf-31665,train
hf-31666,train
hf-31669,train
hf-31670,validation
hf-31671,train
hf-31684,train
hf-31686,train
hf-31692,train
hf-3170,test
hf-31719,train
hf-31726,validation
hf-31732,train
hf-31746,train
hf-31749,test
hf-3175,train
hf-31776,train
hf-31791,train
hf-31813,train
hf-31820,validation
hf-31837,train
hf-31838,train
hf-31847,train
hf-31865,train
hf-31866,test
hf-31867,train
hf-31889,train
hf-3189,train
hf-31903,train
hf-31918,train
hf-31924,train
hf-31925,test
hf-31940,train
hf-31944,validation
hf-31955,train
hf-31968,train
hf-32003,train
hf-32013,test
hf-32018,train
hf-32019,train
hf-32025,test
hf-32030,train
hf-32056,train
hf-3206,train
hf-32067,validation
hf-32075,test
hf-32081,train
hf-32093,test
hf-321,train
hf-3211,train
hf-32117,train
hf-32139,train
hf-32140,train
hf-32141,validation
hf-32145,train
hf-3215,validation
hf-32153,train
hf-32163,train
hf-32164,test
hf-32177,train
hf-32181,train
hf-32189,test
hf-32196,train
hf-32221,validation
hf-32237,train
hf-32239,validation
hf-32247,test
hf-32257,test
hf-32262,validation
hf-32266,train
hf-3227,test
hf-32271,train
hf-32277,train
hf-32282,train
hf-32302,train
hf-3231,validation
hf-32311,train
hf-32327,train
hf-3233,train
hf-32336,validation
hf-32339,train
hf-3235,train
hf-32375,train
hf-32386,train
hf-3240,train
hf-32404,test
hf-3241,train
hf-32415,train
hf-3242,train
hf-32425,train
hf-32434,train
hf-32435,train
hf-32436,train
hf-32451,test
hf-32455,validation
hf-32460,test
hf-32483,test
hf-32490,train
hf-32500,train
hf-32505,test
hf-3251,validation
hf-32523,test
hf-32528,train
hf-32534,validation
hf-32537,train
hf-32541,train
hf-32554,test
hf-32568,validation
hf-32578,train
hf-32581,train
hf-32582,train
hf-32586,validation
hf-32608,validation
hf-32615,test
hf-32620,test
hf-32621,validation
hf-32626,test
hf-32632,train
hf-32645,train
hf-32652,validation
hf-3266,validation
hf-32674,test
hf-32690,train
hf-32692,validation
hf-32718,train
hf-32727,validation
hf-32750,train
hf-32762,train
hf-32763,train
hf-32764,train
hf-32770,train
hf-32819,train
hf-32824,train
hf-32832,train
hf-32834,train
hf-32838,train
hf-32847,train
hf-32848,test
hf-32849,train
hf-32859,train
hf-3287,test
hf-3288,train
hf-32886,test
hf-3289,train
hf-329,train
hf-32909,train
hf-32917,train
hf-3292,validation
hf-32923,train
hf-32932,validation
hf-32935,test
hf-32950,train
hf-32960,train
hf-32971,train
hf-32973,train
hf-32978,test
hf-32980,train
hf-32986,train
hf-3299,train
hf-33,train
hf-33010,train
hf-33013,validation
hf-33016,train
hf-33047,validation
hf-33056,test
hf-33060,train
hf-33092,train
hf-33104,train
hf-33137,train
hf-33141,train
hf-33158,train
hf-33159,train
hf-33165,train
hf-33166,train
hf-33168,test
hf-33171,train
hf-3319,train
hf-33194,train
hf-33203,test
hf-33213,validation
hf-33216,test
hf-33218,train
hf-3324,train
hf-33255,test
hf-33297,test
hf-33315,train
hf-33331,test
hf-33339,train
hf-33343,validation
hf-3335,test
hf-33362,test
hf-33374,validation
hf-33390,train
hf-33394,validation
hf-33402,train
hf-3341,test
hf-33423,train
hf-33429,train
hf-33445,validation
hf-33453,train
hf-33460,validation
hf-33476,test
hf-33478,train
hf-33524,test
hf-3354,train
hf-33544,validation
hf-33559,train
hf-33560,train
hf-33562,train
hf-33568,train
hf-33569,train
hf-33570,train
hf-33582,train
hf-33587,train
hf-33616,validation
hf-33636,test
hf-33644,validation
hf-3365,train
hf-33671,validation
hf-33694,train
hf-33695,train
hf-33703,train
hf-33709,train
hf-33710,train
hf-33723,train
hf-33770,train
hf-33778,validation
hf-33805,train
hf-33811,test
hf-33816,train
hf-3382,train
hf-33820,train
hf-33831,test
hf-33838,train
hf-33874,train
hf-33877,train
hf-33902,train
hf-33917,train
hf-33920,test
hf-33925,train
hf-33930,train
hf-33942,test
hf-33943,train
hf-33955,test
hf-33958,train
hf-33972,test
hf-33975,test
hf-33979,test
hf-34,test
hf-34020,test
hf-34035,train
hf-34040,train
hf-34046,train
hf-34048,train
hf-34050,test
hf-3406,train
hf-34081,validation
hf-34100,test
hf-34102,train
hf-34108,test
hf-34110,test
hf-34113,validation
hf-34137,train
hf-3414,train
hf-34143,train
hf-34147,train
hf-34156,train
hf-34181,validation
hf-34192,train
hf-34203,train
hf-34205,test
hf-34211,train
hf-34215,test
hf-34224,validation
hf-34244,train
hf-34248,train
hf-3426,train
hf-34264,validation
hf-34269,train
hf-34283,test
hf-34290,test
hf-34301,train
hf-34319,train
hf-34320,train
hf-34323,train
hf-34332,train
hf-34338,train
hf-34339,train
hf-34351,train
hf-34355,train
hf-34399,train
hf-34406,test
hf-34412,validation
hf-3442,train
hf-34454,train
hf-34476,validation
hf-34478,train
hf-3448,train
hf-34481,train
hf-34493,train
hf-34496,train
hf-34506,validation
hf-3451,train
hf-34516,validation
hf-3455,train
hf-34557,train
hf-34567,train
hf-34573,train
hf-34580,validation
hf-34601,train
hf-34605,train
hf-34608,train
hf-34624,train
hf-34625,train
hf-3463,validation
hf-34631,test
hf-34632,test
hf-3464,train
hf-34665,train
hf-34695,train
hf-34705,test
hf-34715,train
hf-34720,train
hf-34721,train
hf-34735,train
hf-34748,train
hf-34755,train
hf-34756,test
hf-34774,validation
hf-34780,train
hf-34786,train
hf-34790,validation
hf-34791,train
hf-34810,train
hf-34818,validation
hf-34824,validation
hf-34852,train
hf-34856,test
hf-34858,validation
hf-34866,test
hf-34878,train
hf-34886,train
hf-349,train
hf-3490,validation
hf-34900,train
hf-34901,train
hf-3491,train
hf-34914,validation
hf-34921,train
hf-34923,validation
hf-34925,train
hf-34928,train
hf-34938,test
hf-34939,validation
hf-3494,test
hf-34957,validation
hf-34958,test
hf-34967,test
hf-34991,train
hf-35,test
hf-35002,train
hf-35004,train
hf-35012,train
hf-35014,train
hf-35016,test
hf-35021,test
hf-35047,test
hf-35056,test
hf-35062,train
hf-3507,train
hf-35072,train
hf-3509,train
hf-35092,validation
hf-35093,train
hf-35095,test
hf-351,test
hf-35100,train
hf-35103,test
hf-35111,train
hf-35117,train
hf-35123,train
hf-35134,train
hf-35142,train
hf-35153,train
hf-35154,train
hf-35156,train
hf-35157,train
hf-3518,train
hf-35192,train
hf-35194,train
hf-35197,validation
hf-35214,validation
hf-35234,train
hf-35235,validation
hf-35250,train
hf-35281,train
hf-35300,train
hf-35303,train
hf-35312,train
hf-35313,train
hf-35317,train
hf-35345,train
hf-35347,train
hf-35354,train
hf-35359,train
hf-35361,train
hf-35365,test
hf-35383,train
hf-35386,train
hf-35403,test
hf-35414,train
hf-35418,train
hf-35422,train
hf-35443,train
hf-35451,train
hf-35458,test
hf-35462,test
hf-35465,train
hf-35474,test
hf-35479,train
hf-35480,test
hf-355,test
hf-35511,test
hf-35522,train
hf-35527,test
hf-3553,test
hf-35532,train
hf-35536,train
hf-35550,validation
hf-35551,train
hf-35559,validation
hf-35589,validation
hf-3559,train
hf-35591,train
hf-35598,train
hf-35604,train
hf-35628,test
hf-35638,train
hf-3564,validation
hf-35648,test
hf-35659,test
hf-35664,train
hf-35694,train
hf-35698,train
hf-35710,train
hf-35711,train
hf-35722,train
hf-35730,train
hf-35732,test
hf-35750,test
hf-35760,train
hf-35763,validation
hf-35769,train
hf-35778,test
hf-35780,train
hf-35798,validation
hf-35801,train
hf-35811,train
hf-35827,train
hf-35828,train
hf-35832,validation
hf-35858,train
hf-35859,train
hf-35861,train
hf-35871,train
hf-35888,train
hf-35906,train
hf-35908,train
hf-35909,validation
hf-35910,train
hf-35914,train
hf-35964,train
hf-35966,train
hf-35982,test
hf-35990,train
hf-36004,train
hf-36020,validation
hf-36037,validation
hf-36075,train
hf-36083,test
hf-36095,train
hf-36114,train
hf-36118,train
hf-3614,test
hf-36140,test
hf-36143,validation
hf-36152,train
hf-36161,test
hf-36164,validation
hf-36172,train
hf-36205,validation
hf-3621,test
hf-36216,test
hf-36234,train
hf-36238,train
hf-36240,test
hf-36251,train
hf-36255,train
hf-36269,train
hf-36289,train
hf-36293,train
hf-36296,train
hf-3630,train
hf-36301,train
hf-36306,validation
hf-36309,train
hf-36314,train
hf-36328,validation
hf-36333,test
hf-36358,test
hf-36364,train
hf-36369,train
hf-36371,train
hf-36374,validation
hf-36394,train
hf-36402,train
hf-36407,train
hf-36415,train
hf-36424,validation
hf-36428,train
hf-36430,validation
hf-36443,train
hf-36446,validation
hf-36448,validation
hf-36449,train
hf-36458,train
hf-36461,train
hf-36463,train
hf-36493,train
hf-36495,validation
hf-36500,train
hf-36508,train
hf-36511,validation
hf-36515,validation
hf-36521,train
hf-36522,validation
hf-36524,train
hf-36525,validation
hf-36531,train
hf-36542,train
hf-36543,train
hf-3655,train
hf-3656,train
hf-36562,train
hf-36567,test
hf-36572,test
hf-36577,test
hf-3658,train
hf-36581,train
hf-36591,train
hf-36600,train
hf-36611,train
hf-36621,test
hf-36632,train
hf-36635,test
hf-36641,train
hf-36642,train
hf-36645,test
hf-36650,test
hf-36651,train
hf-36657,validation
hf-36658,train
hf-36666,validation
hf-36667,test
hf-36679,train
hf-36689,validation
hf-36696,train
hf-36702,test
hf-36724,validation
hf-36732,test
hf-36741,train
hf-36745,test
hf-36749,validation
hf-3676,validation
hf-36776,train
hf-36789,train
hf-36805,validation
hf-36810,test
hf-3683,test
hf-36834,train
hf-36873,train
hf-36886,train
hf-3689,train
hf-36891,train
hf-36897,train
hf-36919,train
hf-36931,train
hf-36932,train
hf-36935,train
hf-3695,test
hf-36960,train
hf-36961,test
hf-36962,validation
hf-36963,test
hf-36971,train
hf-36976,train
hf-36983,test
hf-36989,validation
hf-36990,train
hf-36993,test
hf-37003,train
hf-37022,test
hf-37028,test
hf-37046,validation
hf-37050,train
hf-37054,train
hf-37072,train
hf-37075,train
hf-37078,validation
hf-37086,train
hf-37106,test
hf-37114,test
hf-37139,train
hf-37149,train
hf-37152,test
hf-37163,test
hf-37181,train
hf-37187,test
hf-37205,train
hf-37222,train
hf-3723,test
hf-37234,train
hf-37240,test
hf-37241,test
hf-37247,train
hf-3725,train
hf-37266,test
hf-37267,train
hf-37280,test
hf-37283,validation
hf-37285,train
hf-37291,train
hf-37298,validation
hf-37300,train
hf-37302,validation
hf-37305,train
hf-37345,train
hf-37353,test
hf-37362,train
hf-37366,test
hf-37370,train
hf-37371,train
hf-37378,train
hf-37393,train
hf-37407,validation
hf-37418,test
hf-37438,test
hf-3745,train
hf-37451,train
hf-37460,train
hf-37461,validation
hf-37465,train
hf-37469,train
hf-37484,validation
hf-3749,test
hf-37490,train
hf-37507,train
hf-37511,train
hf-37538,test
hf-37546,train
hf-37561,train
hf-37565,test
hf-37587,train
hf-37609,test
hf-37610,train
hf-37614,train
hf-37634,train
hf-37635,train
hf-37636,train
hf-37648,validation
hf-37657,test
hf-37663,test
hf-37673,train
hf-37677,test
hf-37678,train
hf-37691,validation
hf-37695,test
hf-37701,train
hf-37704,validation
hf-37714,test
hf-37724,validation
hf-37726,validation
hf-37753,train
hf-37759,validation
hf-37789,test
hf-37793,train
hf-37801,test
hf-37813,train
hf-37816,train
hf-37824,train
hf-37835,test
hf-37838,test
hf-3785,train
hf-37868,test
hf-37910,test
hf-37920,train
hf-37955,validation
hf-37959,train
hf-37961,validation
hf-3797,train
hf-37970,train
hf-37973,test
hf-37980,validation
hf-37983,train
hf-37989,validation
hf-3800,train
hf-38006,train
hf-38016,validation
hf-38017,train
hf-38046,test
hf-38050,validation
hf-38053,test
hf-38055,test
hf-38058,validation
hf-38077,validation
hf-38088,train
hf-38093,validation
hf-38103,train
hf-38111,test
hf-38115,train
hf-38120,train
hf-38122,train
hf-38129,train
hf-38142,train
hf-3815,train
hf-38150,train
hf-38183,train
hf-38194,test
hf-38198,train
hf-38204,train
hf-38208,train
hf-38209,validation
hf-38248,train
hf-38249,validation
hf-38257,test
hf-3826,test
hf-38267,test
hf-38285,validation
hf-38309,train
hf-38318,validation
hf-38325,validation
hf-38330,validation
hf-38340,train
hf-38358,validation
hf-38361,test
hf-38367,test
hf-38370,validation
hf-38393,train
hf-38403,train
hf-38417,train
hf-38442,validation
hf-38444,train
hf-38450,validation
hf-38452,train
hf-38470,train
hf-38472,train
hf-38475,test
hf-38477,train
hf-3848,test
hf-38483,test
hf-38497,validation
hf-38522,train
hf-38535,train
hf-38536,train
hf-38538,validation
hf-38556,test
hf-38583,train
hf-38600,train
hf-38610,train
hf-38614,train
hf-38631,train
hf-38666,test
hf-38670,test
hf-38676,train
hf-38678,train
hf-3870,test
hf-38749,train
hf-38750,validation
hf-38772,train
hf-38799,train
hf-38808,test
hf-38810,test
hf-38814,train
hf-38826,train
hf-38834,train
hf-38837,validation
hf-38845,train
hf-38847,train
hf-3885,validation
hf-38853,test
hf-3887,validation
hf-38873,validation
hf-38878,train
hf-38896,train
hf-38906,validation
hf-38911,test
hf-38926,test
hf-38929,train
hf-38952,train
hf-38954,train
hf-3896,train
hf-38971,test
hf-38979,train
hf-38980,train
hf-3899,validation
hf-38993,train
hf-38998,train
hf-39003,validation
hf-39006,train
hf-3901,validation
hf-39020,test
hf-39031,test
hf-39033,validation
hf-39040,train
hf-39045,train
hf-39092,train
hf-39094,validation
hf-39098,validation
hf-39100,train
hf-3912,test
hf-39120,test
hf-39124,train
hf-3913,validation
hf-39134,train
hf-39151,test
hf-39152,validation
hf-39153,train
hf-39165,validation
hf-39174,train
hf-39175,train
hf-39179,train
hf-39189,train
hf-39200,train
hf-39234,validation
hf-3924,train
hf-39240,train
hf-39245,validation
hf-39249,validation
hf-39271,train
hf-3932,validation
hf-39329,test
hf-39335,validation
hf-39372,train
hf-39388,train
hf-39390,train
hf-39398,validation
hf-394,train
hf-39406,validation
hf-39412,train
hf-39421,train
hf-39449,test
hf-3946,train
hf-39472,train
hf-39476,validation
hf-39495,train
hf-39501,test
hf-39508,test
hf-3951,validation
hf-3952,train
hf-39523,train
hf-39535,train
hf-39536,train
hf-39539,test
hf-3954,validation
hf-39540,train
hf-39541,train
hf-39549,train
hf-39551,train
hf-39552,train
hf-39556,train
hf-39559,validation
hf-39568,test
hf-39576,train
hf-39579,test
hf-39581,train
hf-39586,validation
hf-39588,train
hf-3959,train
hf-39595,validation
hf-39617,train
hf-3963,test
hf-39642,train
hf-39646,train
hf-39647,test
hf-39667,train
hf-39672,train
hf-39676,train
hf-39684,train
hf-39687,validation
hf-39695,validation
hf-39700,test
hf-39706,train
hf-39712,train
hf-39741,test
hf-39742,train
hf-39746,train
hf-39747,validation
hf-3975,test
hf-39763,validation
hf-39779,validation
hf-39781,train
hf-39786,train
hf-39803,train
hf-39816,train
hf-39817,train
hf-3982,train
hf-39830,train
hf-39843,train
hf-39852,train
hf-39872,train
hf-39908,train
hf-39910,test
hf-39915,train
hf-39923,validation
hf-39928,validation
hf-39942,train
hf-39943,train
hf-39944,train
hf-39969,test
hf-3997,train
hf-39987,train
hf-39988,train
hf-39990,train
hf-4,test
hf-40018,train
hf-40019,validation
hf-40053,train
hf-40055,test
hf-40066,test
hf-40069,train
hf-40082,validation
hf-40092,train
hf-40099,train
hf-40114,train
hf-40133,train
hf-40152,validation
hf-40157,train
hf-40166,train
hf-40174,train
hf-40178,train
hf-40179,test
hf-4019,train
hf-40215,train
hf-40230,train
hf-40232,train
hf-40249,train
hf-40257,test
hf-40260,test
hf-40272,train
hf-40275,validation
hf-40280,train
hf-40287,validation
hf-40292,train
hf-40303,test
hf-40313,train
hf-4032,train
hf-40336,test
hf-40337,train
hf-40342,test
hf-40346,test
hf-40349,validation
hf-40359,train
hf-40367,validation
hf-40370,train
hf-40371,train
hf-40381,test
hf-40388,train
hf-40393,train
hf-40408,test
hf-40427,test
hf-40433,train
hf-40437,train
hf-40444,test
hf-40448,train
hf-4046,train
hf-40476,test
hf-4048,train
hf-40483,train
hf-4050,train
hf-40516,test
hf-40543,train
hf-40551,validation
hf-40560,train
hf-40569,train
hf-40570,test
hf-40574,train
hf-40576,validation
hf-40600,train
hf-40618,validation
hf-40650,train
hf-40651,validation
hf-40652,train
hf-40660,train
hf-40666,test
hf-40669,test
hf-40688,train
hf-40690,train
hf-40691,train
hf-40700,train
hf-40713,train
hf-40730,test
hf-40744,test
hf-40749,train
hf-40753,validation
hf-40757,train
hf-40784,test
hf-40793,train
hf-4082,train
hf-40829,train
hf-40838,train
hf-40840,validation
hf-40855,validation
hf-40858,test
hf-40873,test
hf-40897,train
hf-40901,train
hf-40917,train
hf-40919,train
hf-4093,test
hf-40949,train
hf-40951,train
hf-40967,train
hf-40977,test
hf-4100,train
hf-41018,train
hf-41027,test
hf-41029,train
hf-41037,test
hf-41038,train
hf-41043,test
hf-41071,train
hf-41074,test
hf-41082,train
hf-41087,train
hf-41093,validation
hf-41109,train
hf-41118,validation
hf-41130,train
hf-4115,train
hf-41191,train
hf-41194,train
hf-41196,test
hf-41224,train
hf-4124,validation
hf-41249,train
hf-41251,train
hf-41255,train
hf-41268,validation
hf-41272,train
hf-41275,train
hf-41282,test
hf-41289,test
hf-4129,train
hf-41294,train
hf-41297,test
hf-41301,validation
hf-41314,validation
hf-41338,test
hf-41341,train
hf-41358,validation
hf-41359,train
hf-41360,test
hf-41362,test
hf-41370,train
hf-41398,train
hf-41402,train
hf-4144,train
hf-41465,train
hf-41470,train
hf-41485,train
hf-41494,train
hf-41495,train
hf-41497,train
hf-41498,train
hf-41513,train
hf-41518,validation
hf-41531,train
hf-41539,train
hf-41551,train
hf-41554,validation
hf-41578,train
hf-41588,train
hf-41601,train
hf-41608,train
hf-41610,test
hf-41629,train
hf-41634,train
hf-41638,test
hf-41643,train
hf-41653,test
hf-41660,test
hf-41669,validation
hf-41676,validation
hf-41681,train
hf-41701,train
hf-41702,train
hf-41703,validation
hf-41709,test
hf-41727,train
hf-41735,train
hf-41757,train
hf-41765,train
hf-41779,train
hf-41799,train
hf-41802,train
hf-41805,train
hf-41832,test
hf-41843,test
hf-41853,train
hf-41855,test
hf-41861,train
hf-41874,validation
hf-41880,train
hf-41881,train
hf-41883,train
hf-4189,train
hf-41894,validation
hf-419,test
hf-4190,train
hf-41902,train
hf-41903,validation
hf-41904,test
hf-41906,test
hf-41916,train
hf-41927,train
hf-41944,train
hf-41955,test
hf-4196,validation
hf-41962,test
hf-41963,train
hf-41987,train
hf-4199,test
hf-41997,train
hf-42003,test
hf-42004,train
hf-42031,train
hf-42055,validation
hf-42058,train
hf-42060,train
hf-42068,test
hf-42071,train
hf-42074,train
hf-42084,validation
hf-42085,test
hf-42087,validation
hf-42097,validation
hf-42102,train
hf-42104,train
hf-42112,train
hf-42117,train
hf-42138,train
hf-42142,train
hf-42152,train
hf-42166,train
hf-42172,validation
hf-42196,train
hf-42197,train
hf-42200,test
hf-42201,validation
hf-42209,train
hf-4221,train
hf-42210,test
hf-42220,train
hf-42221,test
hf-42226,test
hf-42236,train
hf-42246,train
hf-42250,test
hf-42257,train
hf-42268,train
hf-42274,train
hf-42276,test
hf-42296,test
hf-423,test
hf-42304,train
hf-42305,train
hf-42310,test
hf-42312,train
hf-42313,train
hf-4232,train
hf-42333,train
hf-42334,train
hf-42336,validation
hf-42343,test
hf-42387,train
hf-42401,validation
hf-42414,train
hf-42445,train
hf-42449,train
hf-42456,train
hf-42471,train
hf-42482,train
hf-42487,train
hf-42501,train
hf-42506,test
hf-42522,train
hf-42557,test
hf-42561,test
hf-42570,validation
hf-42572,test
hf-42583,train
hf-42587,train
hf-42619,validation
hf-42620,test
hf-42655,train
hf-42657,train
hf-42660,train
hf-4270,train
hf-42720,test
hf-42750,train
hf-42777,validation
hf-42780,train
hf-428,test
hf-42800,train
hf-42807,validation
hf-42820,train
hf-42825,train
hf-42843,train
hf-42844,train
hf-42867,train
hf-42874,train
hf-42896,train
hf-42901,train
hf-42922,train
hf-42927,validation
hf-42934,validation
hf-42947,validation
hf-4295,train
hf-42950,train
hf-42955,train
hf-42958,train
hf-42964,test
hf-42969,validation
hf-42979,train
hf-4298,test
hf-42989,train
hf-43004,train
hf-43012,train
hf-43018,validation
hf-43020,validation
hf-43043,validation
hf-43044,train
hf-43069,validation
hf-43072,train
hf-43080,validation
hf-43083,test
hf-43089,train
hf-43099,validation
hf-43104,test
hf-43107,train
hf-43113,validation
hf-43114,train
hf-43119,train
hf-43121,validation
hf-43136,validation
hf-43138,train
hf-43152,train
hf-43171,train
hf-43174,validation
hf-43176,train
hf-43234,train
hf-43243,train
hf-43248,train
hf-43254,train
hf-43256,validation
hf-43257,train
hf-43259,train
hf-43260,train
hf-43263,train
hf-43264,test
hf-43265,train
hf-43267,validation
hf-43268,train
hf-43279,test
hf-43318,train
hf-43321,validation
hf-43332,train
hf-43342,validation
hf-43349,train
hf-43364,train
hf-43366,test
hf-4339,train
hf-43396,train
hf-43409,train
hf-43414,train
hf-43432,train
hf-43444,train
hf-43445,train
hf-43446,train
hf-4345,test
hf-43458,test
hf-43460,validation
hf-43474,train
hf-43486,train
hf-43494,train
hf-43496,validation
hf-43523,validation
hf-43540,train
hf-43546,train
hf-43554,validation
hf-43569,validation
hf-43571,validation
hf-43572,train
hf-43573,test
hf-43599,validation
hf-43602,train
hf-4362,validation
hf-43621,train
hf-43632,validation
hf-43644,train
hf-43647,train
hf-43651,train
hf-43652,train
hf-43663,train
hf-43665,test
hf-43670,train
hf-43688,train
hf-43690,train
hf-43693,validation
hf-43694,train
hf-43717,test
hf-43718,validation
hf-4372,train
hf-43720,test
hf-43721,train
hf-43730,train
hf-43736,validation
hf-43741,test
hf-43742,train
hf-43749,train
hf-43765,train
hf-43767,train
hf-4380,test
hf-43811,train
hf-43814,validation
hf-43825,train
hf-43837,train
hf-43842,test
hf-43849,train
hf-4385,train
hf-43854,validation
hf-43863,train
hf-43881,train
hf-43886,train
hf-43893,test
hf-43896,train
hf-43900,train
hf-43907,train
hf-43916,validation
hf-43918,test
hf-43920,train
hf-43934,validation
hf-43945,validation
hf-43965,train
hf-43975,train
hf-43979,train
hf-43985,train
hf-4399,test
hf-43993,train
hf-43994,test
hf-44009,train
hf-44010,test
hf-44015,test
hf-4403,train
hf-4404,train
hf-44045,train
hf-44051,test
hf-44061,train
hf-44083,validation
hf-44089,validation
hf-44094,validation
hf-44110,validation
hf-44128,test
hf-44129,train
hf-44132,test
hf-44139,train
hf-44155,train
hf-44157,validation
hf-44163,train
hf-4417,test
hf-44172,validation
hf-44175,validation
hf-44205,train
hf-44210,train
hf-44230,train
hf-44231,train
hf-44260,train
hf-44271,validation
hf-44283,train
hf-44289,validation
hf-44298,train
hf-44302,train
hf-44321,test
hf-44336,train
hf-44341,validation
hf-44354,test
hf-44359,train
hf-44396,train
hf-44403,test
hf-44409,train
hf-4441,train
hf-44416,train
hf-44427,train
hf-4444,test
hf-44483,test
hf-44496,train
hf-44529,validation
hf-44538,validation
hf-44543,train
hf-44548,test
hf-44556,train
hf-44562,train
hf-44574,train
hf-44585,train
hf-44586,train
hf-44589,train
hf-4459,train
hf-44594,train
hf-44596,train
hf-44600,train
hf-4461,train
hf-44611,train
hf-44612,train
hf-44618,validation
hf-44631,train
hf-44646,test
hf-44652,train
hf-44654,train
hf-44655,validation
hf-44658,train
hf-44684,train
hf-44685,train
hf-44691,train
hf-44698,test
hf-44704,test
hf-44710,validation
hf-44719,train
hf-44725,validation
hf-44742,train
hf-44748,validation
hf-44750,train
hf-44752,train
hf-44768,train
hf-44775,train
hf-44781,train
hf-4480,train
hf-44822,train
hf-44853,train
hf-44856,train
hf-44861,train
hf-44869,train
hf-44872,validation
hf-44881,train
hf-44885,train
hf-44886,train
hf-44887,train
hf-44909,train
hf-44910,train
hf-44922,train
hf-44947,validation
hf-44954,validation
hf-44957,train
hf-44966,train
hf-44969,train
hf-44975,train
hf-44984,validation
hf-44986,train
hf-44990,test
hf-44997,train
hf-45004,train
hf-4501,train
hf-45035,test
hf-4506,train
hf-45069,validation
hf-45072,validation
hf-45073,test
hf-45086,train
hf-45090,train
hf-4510,test
hf-45125,validation
hf-45127,train
hf-45137,train
hf-45141,validation
hf-4515,train
hf-45155,test
hf-45158,train
hf-45163,train
hf-45172,train
hf-45179,train
hf-45212,train
hf-45220,train
hf-4523,train
hf-45233,validation
hf-45239,train
hf-45260,train
hf-45282,validation
hf-45288,train
hf-45300,test
hf-45307,train
hf-45315,test
hf-45316,train
hf-45323,train
hf-45327,train
hf-45338,train
hf-4535,validation
hf-45352,validation
hf-45355,train
hf-45385,test
hf-45396,train
hf-45400,train
hf-45403,test
hf-45405,validation
hf-45408,test
hf-4543,train
hf-45431,train
hf-45443,train
hf-45448,train
hf-45450,test
hf-45462,train
hf-45466,train
hf-45468,test
hf-45482,train
hf-45488,test
hf-45491,train
hf-45501,test
hf-45502,train
hf-45505,train
hf-45524,train
hf-45533,train
hf-45539,train
hf-45554,test
hf-45560,train
hf-45563,test
hf-45579,train
hf-45581,validation
hf-4559,validation
hf-45593,train
hf-4560,train
hf-45611,train
hf-45613,train
hf-45622,train
hf-4563,validation
hf-45664,train
hf-45673,test
hf-4568,train
hf-45685,validation
hf-45715,test
hf-45719,train
hf-45723,test
hf-45725,validation
hf-45730,train
hf-45746,train
hf-45755,train
hf-45772,train
hf-45777,test
hf-45779,train
hf-45782,train
hf-45795,validation
hf-45796,validation
hf-45799,test
hf-45809,validation
hf-45840,validation
hf-45857,train
hf-45860,train
hf-45866,train
hf-45878,train
hf-45886,train
hf-45889,train
hf-45892,test
hf-45898,train
hf-45905,train
hf-45912,train
hf-45918,test
hf-45925,test
hf-45954,test
hf-45966,train
hf-45969,test
hf-45971,test
hf-45977,train
hf-45979,train
hf-4601,train
hf-46020,train
hf-46024,validation
hf-46030,test
hf-46033,validation
hf-46036,validation
hf-4604,train
hf-46041,validation
hf-46045,train
hf-4606,train
hf-46063,train
hf-46066,validation
hf-46070,train
hf-46122,test
hf-46128,test
hf-4613,validation
hf-46137,train
hf-46139,train
hf-46162,train
hf-46164,train
hf-46170,validation
hf-46179,train
hf-46183,test
hf-46184,validation
hf-46186,train
hf-4620,validation
hf-46203,train
hf-46217,train
hf-4622,train
hf-46223,test
hf-46226,train
hf-46227,train
hf-46278,train
hf-46288,train
hf-46298,train
hf-46301,validation
hf-46303,validation
hf-46309,validation
hf-46312,train
hf-46325,train
hf-46336,validation
hf-46345,test
hf-4635,train
hf-46351,test
hf-46368,train
hf-46380,train
hf-46387,test
hf-46393,train
hf-46401,validation
hf-46407,validation
hf-46410,train
hf-46424,validation
hf-46431,test
hf-46460,validation
hf-46462,train
hf-46463,train
hf-46465,train
hf-46470,train
hf-46483,train
hf-46490,validation
hf-46493,train
hf-46507,train
hf-46509,train
hf-46522,validation
hf-46535,test
hf-46564,validation
hf-46569,validation
hf-46570,test
hf-46582,train
hf-46599,train
hf-46601,train
hf-46611,train
hf-46624,train
hf-46643,test
hf-46644,train
hf-46646,train
hf-46670,validation
hf-46677,validation
hf-46695,test
hf-46701,validation
hf-46709,train
hf-4671,test
hf-46723,validation
hf-46731,train
hf-46735,train
hf-46736,test
hf-46744,train
hf-46745,train
hf-46755,test
hf-46758,validation
hf-46759,train
hf-46762,train
hf-46768,train
hf-46777,train
hf-4678,train
hf-46786,test
hf-4679,validation
hf-46801,test
hf-46807,train
hf-46812,train
hf-46816,train
hf-46823,train
hf-46832,train
hf-46855,train
hf-46856,train
hf-46860,train
hf-46861,validation
hf-46868,test
hf-4688,test
hf-4691,test
hf-46916,train
hf-46928,validation
hf-46930,test
hf-46953,validation
hf-46968,train
hf-46985,train
hf-46987,train
hf-46993,train
hf-47015,train
hf-47016,test
hf-47023,train
hf-47026,validation
hf-47028,train
hf-47044,train
hf-47072,train
hf-47077,train
hf-47091,validation
hf-47101,train
hf-47123,train
hf-47130,train
hf-4714,train
hf-47146,train
hf-47151,test
hf-47154,train
hf-47159,train
hf-47174,train
hf-47179,validation
hf-47180,train
hf-47225,train
hf-47253,train
hf-47273,train
hf-473,train
hf-47307,train
hf-47317,train
hf-47330,train
hf-47332,validation
hf-47334,test
hf-47335,validation
hf-4734,train
hf-47345,train
hf-47349,train
hf-47359,validation
hf-47360,train
hf-47370,test
hf-47384,train
hf-4739,train
hf-47396,test
hf-47407,train
hf-47415,test
hf-47421,train
hf-47428,train
hf-47429,train
hf-47442,validation
hf-47449,validation
hf-47454,validation
hf-47458,test
hf-47463,test
hf-47466,validation
hf-47475,train
hf-47487,train
hf-47500,train
hf-4752,train
hf-47522,test
hf-47525,validation
hf-47532,train
hf-47559,train
hf-47560,test
hf-47580,train
hf-47587,test
hf-47609,train
hf-47629,test
hf-47637,validation
hf-47644,train
hf-47654,validation
hf-47663,train
hf-47668,validation
hf-4767,train
hf-47673,train
hf-47678,train
hf-47690,train
hf-4770,validation
hf-47721,validation
hf-47727,test
hf-47729,validation
hf-47745,train
hf-47751,validation
hf-47757,train
hf-47771,train
hf-4779,train
hf-47796,test
hf-47808,train
hf-47809,train
hf-47832,validation
hf-47839,train
hf-47840,train
hf-47843,train
hf-47844,train
hf-47849,train
hf-47858,validation
hf-47863,train
hf-47876,train
hf-47880,train
hf-47890,train
hf-47894,train
hf-47900,test
hf-47903,test
hf-47906,validation
hf-47921,test
hf-47936,train
hf-47957,validation
hf-47962,validation
hf-47974,train
hf-47981,train
hf-47983,train
hf-47994,validation
hf-48006,train
hf-48018,train
hf-48021,train
hf-48026,test
hf-48031,validation
hf-48035,train
hf-48079,train
hf-48085,train
hf-48086,train
hf-48097,train
hf-48103,train
hf-48112,train
hf-48125,train
hf-48136,validation
hf-48141,train
hf-48150,train
hf-48153,test
hf-48154,test
hf-48169,train
hf-48195,test
hf-48209,validation
hf-48224,test
hf-48226,train
hf-48234,train
hf-48240,train
hf-48246,validation
hf-48249,train
hf-48252,train
hf-48273,test
hf-48274,train
hf-48286,train
hf-4830,train
hf-48327,validation
hf-48340,test
hf-48341,train
hf-48359,test
hf-48364,test
hf-48369,train
hf-48403,test
hf-48431,test
hf-48438,train
hf-48439,test
hf-48452,train
hf-48455,train
hf-48464,validation
hf-4848,train
hf-48480,train
hf-48521,train
hf-48540,train
hf-48543,train
hf-48546,train
hf-48549,train
hf-4855,train
hf-48567,train
hf-48574,test
hf-4859,train
hf-48609,validation
hf-48611,validation
hf-48614,test
hf-48620,validation
hf-48623,train
hf-48627,train
hf-48633,test
hf-48636,test
hf-4865,train
hf-48655,train
hf-48685,test
hf-48687,train
hf-4869,train
hf-48691,train
hf-48730,test
hf-48738,validation
hf-4874,test
hf-48745,train
hf-48752,validation
hf-48753,train
hf-48775,validation
hf-48780,test
hf-48804,train
hf-48806,train
hf-48810,validation
hf-48815,train
hf-48821,train
hf-48822,train
hf-48832,train
hf-48851,train
hf-48860,train
hf-48875,validation
hf-48882,train
hf-48892,test
hf-48897,train
hf-48905,train
hf-48935,test
hf-48945,train
hf-48958,validation
hf-48959,train
hf-4896,validation
hf-48968,train
hf-48971,test
hf-48979,validation
hf-48983,validation
hf-48994,validation
hf-48995,train
hf-48997,validation
hf-48999,validation
hf-49,train
hf-4900,train
hf-49003,train
hf-49005,test
hf-49011,train
hf-49013,train
hf-49023,validation
hf-4903,train
hf-4904,test
hf-49044,test
hf-49066,validation
hf-49081,train
hf-49083,validation
hf-49087,test
hf-49093,validation
hf-49097,train
hf-49099,test
hf-491,validation
hf-4911,train
hf-49118,validation
hf-49128,validation
hf-49133,validation
hf-49134,train
hf-49143,train
hf-49148,validation
hf-49161,train
hf-49164,train
hf-49171,validation
hf-49182,test
hf-49186,validation
hf-4919,test
hf-49210,train
hf-49221,train
hf-49225,validation
hf-49230,train
hf-49244,train
hf-49263,test
hf-49284,validation
hf-49289,test
hf-49292,test
hf-49302,train
hf-49309,train
hf-49315,validation
hf-49321,test
hf-49333,test
hf-49341,validation
hf-49363,train
hf-49386,train
hf-49397,train
hf-49400,train
hf-49403,train
hf-49405,train
hf-49412,train
hf-49417,validation
hf-49423,test
hf-49438,train
hf-49447,train
hf-49457,validation
hf-49458,train
hf-4946,train
hf-49465,validation
hf-4947,train
hf-49475,train
hf-49478,train
hf-49479,train
hf-4948,validation
hf-49480,train
hf-49482,validation
hf-49489,test
hf-49491,train
hf-49498,train
hf-49524,test
hf-49525,train
hf-49529,train
hf-49535,test
hf-49542,test
hf-49543,train
hf-49553,train
hf-4956,train
hf-49569,train
hf-49590,validation
hf-49622,train
hf-49627,train
hf-49629,train
hf-49633,train
hf-49637,test
hf-49638,train
hf-49646,train
hf-49657,train
hf-49667,train
hf-49669,train
hf-49676,train
hf-49682,train
hf-49687,test
hf-49691,train
hf-49716,validation
hf-49731,train
hf-49776,train
hf-49785,validation
hf-4979,test
hf-498,validation
hf-49803,train
hf-49804,train
hf-49821,test
hf-49828,train
hf-49829,validation
hf-49835,train
hf-49845,train
hf-49846,train
hf-4985,train
hf-49870,test
hf-49881,train
hf-49895,train
hf-49913,test
hf-49919,train
hf-49937,train
hf-49955,train
hf-49984,validation
hf-5002,validation
hf-50024,test
hf-5003,test
hf-50031,train
hf-50035,train
hf-50049,train
hf-50052,test
hf-50055,train
hf-50059,validation
hf-50086,train
hf-50092,train
hf-5010,train
hf-50102,test
hf-50109,train
hf-5011,test
hf-50131,train
hf-5015,train
hf-50153,test
hf-50161,test
hf-50171,train
hf-50177,train
hf-50181,train
hf-50190,validation
hf-50195,train
hf-50196,test
hf-50207,train
hf-50208,train
hf-50215,test
hf-5022,test
hf-50226,test
hf-50229,validation
hf-50233,validation
hf-50234,train
hf-50256,validation
hf-50270,train
hf-5028,train
hf-50288,train
hf-50306,train
hf-50310,train
hf-50313,train
hf-50315,train
hf-5032,test
hf-50327,train
hf-50330,train
hf-50339,validation
hf-50349,train
hf-50358,validation
hf-50371,train
hf-50395,train
hf-5040,train
hf-50405,train
hf-50408,train
hf-50436,validation
hf-5044,validation
hf-50441,train
hf-50452,train
hf-5047,train
hf-50480,test
hf-50484,test
hf-50495,train
hf-50504,train
hf-50542,test
hf-50593,test
hf-50598,train
hf-506,train
hf-50609,validation
hf-50632,test
hf-50634,train
hf-50638,train
hf-50656,test
hf-50674,train
hf-50680,train
hf-50685,train
hf-50688,validation
hf-50698,train
hf-50708,train
hf-5071,train
hf-50714,train
hf-50718,train
hf-50751,train
hf-50780,validation
hf-50787,validation
hf-50791,test
hf-508,train
hf-50848,validation
hf-50852,train
hf-50858,test
hf-50864,train
hf-50868,train
hf-50869,validation
hf-5087,train
hf-50870,train
hf-5090,train
hf-50900,test
hf-50909,train
hf-50912,validation
hf-50915,train
hf-50922,train
hf-50935,test
hf-50944,test
hf-50953,test
hf-50959,test
hf-50979,train
hf-50986,train
hf-50987,train
hf-50988,validation
hf-50993,test
hf-50994,validation
hf-51009,train
hf-51021,test
hf-51037,validation
hf-51043,validation
hf-51050,train
hf-51064,train
hf-51068,train
hf-51088,train
hf-511,train
hf-51101,validation
hf-51112,train
hf-51114,test
hf-51117,test
hf-51124,test
hf-51129,train
hf-51139,train
hf-5115,train
hf-51161,validation
hf-51174,train
hf-51185,train
hf-5119,train
hf-51191,test
hf-51200,test
hf-51223,test
hf-51264,train
hf-51273,train
hf-51276,train
hf-51283,train
hf-51284,train
hf-51287,validation
hf-51300,validation
hf-5131,train
hf-51311,validation
hf-5133,train
hf-51335,train
hf-51355,validation
hf-51364,train
hf-51365,train
hf-51367,train
hf-5137,test
hf-51389,train
hf-51390,train
hf-51397,validation
hf-51423,validation
hf-51429,validation
hf-51430,test
hf-51451,validation
hf-51462,train
hf-51465,test
hf-51472,train
hf-51476,train
hf-51487,train
hf-51503,test
hf-51504,test
hf-51505,test
hf-51513,test
hf-5153,train
hf-51530,train
hf-51531,validation
hf-51533,validation
hf-51554,train
hf-51560,validation
hf-51562,train
hf-51563,train
hf-51577,train
hf-51585,train
hf-51589,train
hf-51593,test
hf-51607,validation
hf-51608,validation
hf-51629,train
hf-51636,train
hf-51659,train
hf-51669,validation
hf-51671,validation
hf-51675,train
hf-51680,train
hf-51684,test
hf-51701,train
hf-51705,train
hf-51709,train
hf-51713,train
hf-5173,train
hf-51733,train
hf-51741,train
hf-51749,test
hf-51752,validation
hf-51759,train
hf-51773,train
hf-51787,train
hf-51806,train
hf-51808,test
hf-51817,train
hf-51821,train
hf-51847,test
hf-51852,test
hf-51858,test
hf-51864,train
hf-51870,validation
hf-51898,train
hf-51909,train
hf-51930,train
hf-51951,test
hf-51963,train
hf-51967,train
hf-51971,train
hf-51974,validation
hf-5198,validation
hf-52013,validation
hf-52026,train
hf-52037,validation
hf-52039,test
hf-52040,train
hf-52052,train
hf-52053,validation
hf-52060,train
hf-52074,train
hf-52078,train
hf-521,train
hf-52102,train
hf-52110,train
hf-52111,train
hf-52130,train
hf-52134,train
hf-52145,train
hf-52148,train
hf-52150,train
hf-52151,train
hf-5216,test
hf-52163,validation
hf-52170,validation
hf-52183,validation
hf-5219,test
hf-52192,train
hf-52205,train
hf-52209,test
hf-5223,train
hf-52251,train
hf-52261,test
hf-52267,train
hf-52274,train
hf-52285,train
hf-52298,train
hf-52316,train
hf-52356,train
hf-52358,validation
hf-52370,train
hf-52383,train
hf-52387,train
hf-52401,validation
hf-52407,validation
hf-5241,train
hf-52415,train
hf-52418,train
hf-52422,train
hf-52430,train
hf-5244,validation
hf-52447,validation
hf-52459,train
hf-52477,train
hf-52490,validation
hf-52502,train
hf-52509,train
hf-52516,train
hf-52523,train
hf-52537,test
hf-5254,test
hf-52551,test
hf-52555,validation
hf-52559,train
hf-52570,train
hf-52578,test
hf-52610,train
hf-52640,validation
hf-52646,validation
hf-52649,test
hf-52666,validation
hf-52668,train
hf-52675,train
hf-52698,validation
hf-52700,test
hf-52702,train
hf-52704,train
hf-52722,test
hf-52725,train
hf-52729,test
hf-52737,train
hf-52738,train
hf-52759,train
hf-52762,train
hf-52778,train
hf-52805,test
hf-52808,train
hf-52821,train
hf-52826,validation
hf-52831,validation
hf-52841,train
hf-52842,test
hf-52843,test
hf-52844,test
hf-52847,test
hf-52850,test
hf-52855,train
hf-52871,train
hf-52878,test
hf-52885,train
hf-5289,validation
hf-52899,test
hf-52912,train
hf-52917,train
hf-5292,train
hf-52920,train
hf-52927,train
hf-52933,train
hf-52938,train
hf-52942,train
hf-52948,validation
hf-52966,validation
hf-5297,train
hf-52970,validation
hf-52974,train
hf-5298,train
hf-53005,validation
hf-53016,train
hf-53061,train
hf-53068,test
hf-53086,test
hf-53101,train
hf-53148,train
hf-53182,validation
hf-53190,train
hf-53195,train
hf-5320,train
hf-53200,train
hf-53207,train
hf-53209,test
hf-5321,test
hf-53220,test
hf-53236,test
hf-5324,train
hf-5326,train
hf-53263,train
hf-53287,train
hf-5330,test
hf-53314,test
hf-53334,validation
hf-53339,test
hf-53357,validation
hf-53369,train
hf-53375,train
hf-53377,train
hf-53388,train
hf-53408,test
hf-53414,test
hf-53422,train
hf-53423,train
hf-53435,validation
hf-53443,test
hf-53457,train
hf-53458,train
hf-53474,train
hf-5348,train
hf-53500,train
hf-53503,train
hf-53506,train
hf-53511,train
hf-53512,test
hf-53515,train
hf-53522,train
hf-53526,train
hf-53540,test
hf-53542,train
hf-53543,train
hf-53547,validation
hf-53550,train
hf-53555,train
hf-53559,validation
hf-53564,train
hf-53567,train
hf-53573,train
hf-53575,validation
hf-5358,test
hf-53588,train
hf-53599,validation
hf-53604,train
hf-53612,train
hf-53616,validation
hf-53620,validation
hf-53624,train
hf-53625,train
hf-53642,train
hf-53643,train
hf-53647,train
hf-53649,train
hf-53650,train
hf-53656,train
hf-53670,train
hf-53674,train
hf-53701,train
hf-53710,validation
hf-53715,train
hf-53717,train
hf-53725,test
hf-53727,test
hf-53729,train
hf-5374,validation
hf-53742,train
hf-53772,test
hf-53774,train
hf-53776,train
hf-53799,train
hf-53812,train
hf-53813,test
hf-53815,train
hf-53819,train
hf-53850,train
hf-53851,train
hf-53862,train
hf-53873,train
hf-53874,train
hf-5388,train
hf-53881,train
hf-53882,train
hf-53891,train
hf-53899,train
hf-539,train
hf-53903,train
hf-53927,train
hf-5393,test
hf-53931,test
hf-5394,test
hf-53941,train
hf-53950,train
hf-53953,train
hf-53959,train
hf-5396,validation
hf-53962,train
hf-53970,train
hf-53981,train
hf-5399,train
hf-53995,train
hf-54,validation
hf-54036,train
hf-54047,validation
hf-54062,test
hf-54067,test
hf-54075,validation
hf-54092,train
hf-54121,validation
hf-54127,test
hf-54135,train
hf-54151,train
hf-54177,train
hf-54188,train
hf-54192,train
hf-54196,validation
hf-54200,test
hf-54201,train
hf-54211,train
hf-54217,train
hf-54224,train
hf-54227,train
hf-54229,train
hf-54231,validation
hf-54258,validation
hf-54270,train
hf-54273,test
hf-5428,validation
hf-54280,train
hf-54295,train
hf-54310,train
hf-5432,test
hf-54320,train
hf-54321,validation
hf-54329,train
hf-54341,train
hf-5437,train
hf-54374,validation
hf-54375,validation
hf-54387,train
hf-54394,train
hf-54397,train
hf-54401,test
hf-54409,validation
hf-54421,validation
hf-54435,test
hf-54440,test
hf-54467,train
hf-54468,train
hf-5448,validation
hf-54498,train
hf-54514,train
hf-54522,train
hf-54525,train
hf-54537,train
hf-54539,train
hf-54540,train
hf-54546,train
hf-54549,validation
hf-54574,train
hf-54577,train
hf-5458,train
hf-54590,train
hf-54593,train
hf-54595,validation
hf-54600,train
hf-54606,train
hf-54623,train
hf-54629,test
hf-5464,train
hf-54666,test
hf-54671,train
hf-54688,train
hf-54705,validation
hf-54718,test
hf-54723,validation
hf-54726,train
hf-54730,validation
hf-54750,train
hf-54753,test
hf-54773,train
hf-54778,validation
hf-54779,validation
hf-54788,train
hf-54806,test
hf-54814,train
hf-54815,validation
hf-54831,train
hf-54845,validation
hf-54849,test
hf-54853,train
hf-54854,train
hf-54856,train
hf-54871,train
hf-54884,train
hf-549,test
hf-54903,validation
hf-54916,train
hf-54919,train
hf-54931,train
hf-54937,validation
hf-54944,test
hf-54957,test
hf-54959,validation
hf-54963,validation
hf-54965,train
hf-54983,train
hf-54996,train
hf-550,test
hf-5500,train
hf-55010,train
hf-55024,test
hf-55028,train
hf-55036,validation
hf-55050,train
hf-55060,validation
hf-55066,train
hf-55085,validation
hf-55092,train
hf-55106,train
hf-55108,validation
hf-55137,train
hf-55148,train
hf-55151,validation
hf-55163,train
hf-55190,train
hf-55208,train
hf-55211,test
hf-55212,train
hf-55216,train
hf-55224,train
hf-55239,validation
hf-55241,train
hf-5526,train
hf-55275,validation
hf-55290,validation
hf-55291,test
hf-55317,validation
hf-55319,train
hf-55320,validation
hf-55326,train
hf-55358,train
hf-55359,train
hf-55374,train
hf-55392,validation
hf-55406,validation
hf-55445,train
hf-55452,train
hf-55457,train
hf-55466,test
hf-5548,train
hf-55496,test
hf-55507,validation
hf-55515,validation
hf-55522,validation
hf-5554,validation
hf-55543,test
hf-55545,validation
hf-55551,train
hf-5556,train
hf-55570,train
hf-55588,train
hf-55617,train
hf-55622,validation
hf-55629,test
hf-55630,train
hf-55642,train
hf-55660,test
hf-55665,train
hf-55668,validation
hf-55677,train
hf-55681,train
hf-55684,train
hf-55703,test
hf-55728,train
hf-55738,validation
hf-55743,train
hf-55751,validation
hf-55760,train
hf-55771,test
hf-55791,test
hf-55793,test
hf-55794,train
hf-55816,train
hf-55821,train
hf-55825,test
hf-55826,validation
hf-55827,train
hf-55831,test
hf-55843,test
hf-55848,validation
hf-55853,validation
hf-55867,train
hf-55868,train
hf-5588,train
hf-55882,train
hf-55896,train
hf-55901,train
hf-55902,train
hf-5591,train
hf-55910,train
hf-55949,test
hf-5595,train
hf-55951,validation
hf-55953,train
hf-55975,test
hf-55981,test
hf-55985,train
hf-56008,train
hf-56031,validation
hf-56041,train
hf-56053,validation
hf-56069,validation
hf-56070,train
hf-56075,test
hf-56084,train
hf-56095,train
hf-56099,train
hf-56107,train
hf-56122,validation
hf-56128,validation
hf-56137,validation
hf-56144,train
hf-56149,validation
hf-5617,train
hf-56175,test
hf-56185,train
hf-56197,validation
hf-56199,validation
hf-56212,test
hf-56220,train
hf-56226,validation
hf-56241,train
hf-56254,train
hf-56265,test
hf-5627,train
hf-56278,train
hf-56280,train
hf-56294,test
hf-56300,train
hf-56303,train
hf-56310,train
hf-56359,train
hf-5637,train
hf-56375,validation
hf-56386,train
hf-56389,validation
hf-56390,train
hf-56391,validation
hf-56401,validation
hf-56403,test
hf-56405,test
hf-56415,train
hf-56416,train
hf-56418,train
hf-56427,train
hf-56432,test
hf-5644,validation
hf-56454,train
hf-56472,test
hf-56475,train
hf-56483,validation
hf-56486,test
hf-56487,train
hf-56514,test
hf-56519,train
hf-56526,train
hf-56541,train
hf-56548,test
hf-56556,validation
hf-56568,train
hf-56580,train
hf-56593,train
hf-56611,test
hf-56616,test
hf-56629,train
hf-56669,train
hf-5669,validation
hf-5677,validation
hf-56778,validation
hf-56802,train
hf-56807,train
hf-56845,test
hf-56853,train
hf-56854,train
hf-56859,train
hf-56877,train
hf-56916,validation
hf-5693,train
hf-56930,train
hf-56937,test
hf-56939,test
hf-56952,test
hf-56954,validation
hf-56978,train
hf-56981,test
hf-57015,validation
hf-57017,test
hf-57019,test
hf-57045,train
hf-57058,validation
hf-57069,train
hf-57079,test
hf-57088,validation
hf-57100,train
hf-57106,train
hf-57111,train
hf-5714,validation
hf-57150,train
hf-5716,train
hf-57164,test
hf-5718,train
hf-57189,test
hf-57192,test
hf-572,validation
hf-57216,train
hf-57217,train
hf-57244,train
hf-57249,validation
hf-57256,test
hf-5727,validation
hf-573,train
hf-57305,train
hf-57309,validation
hf-5731,train
hf-57319,train
hf-57337,train
hf-57341,train
hf-57346,test
hf-57363,train
hf-57367,train
hf-5737,train
hf-57376,test
hf-57384,train
hf-57386,validation
hf-57389,validation
hf-57400,train
hf-57409,train
hf-57418,train
hf-5743,test
hf-57436,train
hf-57438,validation
hf-57440,validation
hf-57444,train
hf-57460,train
hf-57475,train
hf-57478,train
hf-57496,validation
hf-57499,train
hf-57501,train
hf-57510,validation
hf-57515,test
hf-57519,validation
hf-57521,train
hf-57528,validation
hf-57531,train
hf-57542,test
hf-57556,train
hf-5757,train
hf-57571,train
hf-57574,test
hf-57576,train
hf-5758,train
hf-57584,train
hf-57605,train
hf-57617,train
hf-57625,train
hf-57634,train
hf-57640,test
hf-57647,validation
hf-57667,train
hf-57671,validation
hf-57711,train
hf-57712,validation
hf-57733,train
hf-57739,train
hf-5775,train
hf-5777,train
hf-57770,train
hf-57780,train
hf-57785,train
hf-57787,train
hf-57794,test
hf-57798,validation
hf-57814,train
hf-57815,test
hf-57819,train
hf-57821,train
hf-57835,train
hf-57851,train
hf-57857,train
hf-57860,train
hf-57908,test
hf-5791,train
hf-57915,test
hf-57926,train
hf-57938,test
hf-57946,validation
hf-57960,test
hf-57968,train
hf-57974,test
hf-57975,train
hf-57978,train
hf-57981,train
hf-57982,validation
hf-57989,train
hf-5799,train
hf-58011,train
hf-58023,train
hf-58035,train
hf-58055,train
hf-58058,validation
hf-58065,train
hf-58079,validation
hf-58094,test
hf-5810,train
hf-58104,validation
hf-5811,test
hf-58127,train
hf-58129,train
hf-58130,train
hf-58136,train
hf-58144,test
hf-58146,train
hf-58148,validation
hf-58155,train
hf-58169,test
hf-58177,train
hf-5818,train
hf-58180,train
hf-58183,test
hf-58196,train
hf-58199,test
hf-5820,train
hf-58209,validation
hf-58222,train
hf-58223,test
hf-58226,validation
hf-58227,train
hf-58231,test
hf-58237,validation
hf-58238,test
hf-58254,train
hf-58264,validation
hf-5827,train
hf-58281,train
hf-58290,test
hf-58297,train
hf-58300,train
hf-58306,test
hf-58324,train
hf-58342,validation
hf-58344,validation
hf-58356,test
hf-58361,train
hf-58363,train
hf-58365,test
hf-58379,train
hf-58388,test
hf-58391,validation
hf-58394,test
hf-58404,train
hf-58406,train
hf-58409,train
hf-58423,train
hf-58426,train
hf-58435,train
hf-58463,validation
hf-58464,train
hf-58500,train
hf-58507,train
hf-58511,train
hf-58516,test
hf-58544,train
hf-58545,train
hf-58547,validation
hf-58549,validation
hf-58558,train
hf-58559,train
hf-58563,train
hf-58564,train
hf-58567,train
hf-5857,train
hf-58591,train
hf-58592,train
hf-58607,train
hf-58613,train
hf-58622,test
hf-58629,train
hf-58644,train
hf-58647,train
hf-5866,train
hf-58680,train
hf-5870,train
hf-5871,train
hf-58714,validation
hf-58718,test
hf-58752,train
hf-58753,train
hf-58762,train
hf-58769,validation
hf-5879,validation
hf-58797,train
hf-58805,train
hf-58815,train
hf-58818,test
hf-58845,train
hf-58850,test
hf-58868,test
hf-58872,train
hf-58892,test
hf-58894,test
hf-58895,test
hf-58919,train
hf-58925,train
hf-58932,test
hf-58934,train
hf-58943,test
hf-58960,train
hf-58971,train
hf-58974,train
hf-58981,test
hf-58992,train
hf-58995,train
hf-59017,test
hf-59032,train
hf-59064,validation
hf-59066,test
hf-5908,train
hf-59109,train
hf-59114,validation
hf-59128,validation
hf-59143,train
hf-59149,train
hf-59152,train
hf-59167,train
hf-59184,validation
hf-59190,train
hf-59197,train
hf-59204,test
hf-59206,validation
hf-59208,validation
hf-59224,validation
hf-59230,train
hf-59243,validation
hf-59245,train
hf-59259,validation
hf-5926,train
hf-59280,train
hf-59282,test
hf-59298,test
hf-59315,train
hf-59334,train
hf-59338,train
hf-59362,validation
hf-59364,train
hf-59393,validation
hf-59396,train
hf-59398,train
hf-59406,validation
hf-59409,validation
hf-59429,train
hf-59433,train
hf-59440,test
hf-59441,train
hf-59443,train
hf-59454,validation
hf-59462,train
hf-59475,train
hf-59476,train
hf-59490,train
hf-5950,validation
hf-59501,train
hf-59508,train
hf-59517,test
hf-5952,train
hf-59527,validation
hf-5953,validation
hf-59532,test
hf-59543,test
hf-59558,train
hf-59559,train
hf-59561,train
hf-5957,test
hf-59579,train
hf-59591,validation
hf-59598,train
hf-596,train
hf-5960,train
hf-59611,validation
hf-59625,train
hf-59641,train
hf-59644,test
hf-59649,train
hf-59656,train
hf-59669,validation
hf-59670,train
hf-59675,train
hf-59678,train
hf-59685,train
hf-59690,train
hf-59697,test
hf-59698,validation
hf-59699,validation
hf-597,train
hf-59721,test
hf-59725,train
hf-59731,train
hf-59738,validation
hf-59747,train
hf-59752,train
hf-59759,test
hf-59770,test
hf-5979,train
hf-59796,train
hf-5980,validation
hf-5982,train
hf-59832,validation
hf-59833,train
hf-59842,train
hf-59858,train
hf-59874,train
hf-59878,train
hf-59889,validation
hf-5989,train
hf-59897,train
hf-5990,train
hf-59900,train
hf-59906,test
hf-5991,train
hf-59912,train
hf-59915,train
hf-59934,train
hf-59935,train
hf-59940,test
hf-59943,train
hf-59952,train
hf-59953,train
hf-59957,train
hf-59960,train
hf-59975,train
hf-59988,validation
hf-6,train
hf-60003,train
hf-60004,test
hf-6001,validation
hf-60017,validation
hf-60027,train
hf-60028,validation
hf-60036,validation
hf-60054,test
hf-60055,train
hf-6006,test
hf-60060,train
hf-60065,validation
hf-60087,train
hf-60090,test
hf-60102,test
hf-60119,test
hf-60137,train
hf-60162,validation
hf-6019,train
hf-60200,train
hf-60219,validation
hf-60223,test
hf-60232,train
hf-60234,test
hf-60242,train
hf-6025,train
hf-6029,validation
hf-60311,train
hf-60316,validation
hf-60331,train
hf-60349,train
hf-6035,validation
hf-60374,train
hf-60381,train
hf-60391,test
hf-60401,train
hf-60407,test
hf-60418,train
hf-60460,test
hf-60469,train
hf-60472,test
hf-60478,train
hf-6049,train
hf-60497,train
hf-60499,train
hf-60508,train
hf-60509,validation
hf-60529,train
hf-6054,validation
hf-60547,train
hf-60559,train
hf-60571,validation
hf-6058,train
hf-6059,validation
hf-60608,train
hf-60622,validation
hf-60643,validation
hf-60648,train
hf-60672,train
hf-60677,train
hf-60682,test
hf-60685,test
hf-60687,train
hf-60702,train
hf-60703,train
hf-60725,validation
hf-60743,train
hf-60746,train
hf-6075,validation
hf-60758,train
hf-60778,train
hf-60779,validation
hf-60800,train
hf-60804,test
hf-60806,validation
hf-60812,test
hf-60813,test
hf-60823,test
hf-60826,validation
hf-60827,train
hf-60829,validation
hf-60847,validation
hf-60856,validation
hf-60858,train
hf-60859,validation
hf-60870,train
hf-60872,validation
hf-60873,test
hf-60879,train
hf-60880,test
hf-60885,train
hf-60890,train
hf-60898,train
hf-6090,train
hf-60902,train
hf-60903,train
hf-60907,train
hf-60925,train
hf-60938,train
hf-60944,test
hf-60957,test
hf-60958,test
hf-60963,validation
hf-60966,train
hf-60969,train
hf-60979,train
hf-6098,train
hf-60987,test
hf-61008,test
hf-6101,train
hf-61017,train
hf-61043,train
hf-61050,train
hf-61052,validation
hf-61069,test
hf-61073,test
hf-61092,train
hf-61094,train
hf-61095,train
hf-611,test
hf-61109,validation
hf-61117,train
hf-61118,train
hf-61135,train
hf-61137,train
hf-61149,train
hf-61163,train
hf-6117,train
hf-61179,test
hf-61193,train
hf-61199,train
hf-61204,train
hf-61219,test
hf-61220,train
hf-61225,test
hf-61227,validation
hf-61228,train
hf-61231,train
hf-61252,test
hf-61279,validation
hf-61285,train
hf-61288,test
hf-61289,train
hf-61304,test
hf-61313,train
hf-61319,train
hf-61328,test
hf-61335,validation
hf-61339,train
hf-61342,validation
hf-61345,train
hf-6136,train
hf-61375,validation
hf-61384,test
hf-61392,validation
hf-61408,train
hf-61412,train
hf-61414,train
hf-61431,train
hf-61435,train
hf-61438,test
hf-61441,validation
hf-61442,train
hf-61446,train
hf-61449,train
hf-61471,train
hf-61487,train
hf-61490,train
hf-61504,test
hf-61509,test
hf-61512,train
hf-61543,train
hf-61548,validation
hf-61560,train
hf-61570,validation
hf-61577,train
hf-61582,train
hf-61585,train
hf-61588,train
hf-616,test
hf-61624,train
hf-61626,train
hf-61630,train
hf-61633,train
hf-61637,test
hf-61639,validation
hf-61642,validation
hf-61655,train
hf-61672,validation
hf-61680,test
hf-61682,test
hf-61688,train
hf-61694,train
hf-61704,test
hf-61712,validation
hf-61717,test
hf-6172,test
hf-61730,train
hf-61732,train
hf-61772,train
hf-61781,validation
hf-61782,train
hf-61801,train
hf-61802,train
hf-61806,train
hf-61810,train
hf-61831,test
hf-61834,train
hf-61848,train
hf-61851,train
hf-61867,validation
hf-61883,train
hf-61889,test
hf-61890,test
hf-61902,train
hf-61903,train
hf-61906,train
hf-61937,train
hf-61956,train
hf-61958,validation
hf-61959,train
hf-61967,train
hf-6197,train
hf-62004,test
hf-62022,validation
hf-62029,train
hf-62036,test
hf-62038,test
hf-62042,test
hf-62047,test
hf-62057,train
hf-62064,validation
hf-62080,test
hf-62084,train
hf-62087,train
hf-62109,test
hf-62128,test
hf-62129,train
hf-6213,test
hf-62130,train
hf-62159,train
hf-62163,validation
hf-62191,train
hf-62210,train
hf-62219,validation
hf-62237,train
hf-62246,train
hf-62247,train
hf-62282,validation
hf-62285,train
hf-62299,train
hf-62312,train
hf-62321,train
hf-62332,train
hf-62337,train
hf-62362,train
hf-62367,test
hf-62381,train
hf-62392,train
hf-62418,test
hf-62419,test
hf-62421,validation
hf-6244,train
hf-62459,train
hf-62479,validation
hf-6248,train
hf-62483,train
hf-62492,validation
hf-625,validation
hf-62506,train
hf-6252,validation
hf-62526,train
hf-62537,test
hf-62556,train
hf-62557,train
hf-6256,train
hf-62597,test
hf-62620,train
hf-62621,train
hf-62622,validation
hf-62633,train
hf-62640,train
hf-62642,test
hf-62644,validation
hf-62650,validation
hf-62659,train
hf-62664,test
hf-62671,test
hf-62682,train
hf-62684,train
hf-62686,train
hf-6270,test
hf-62728,train
hf-6273,validation
hf-62737,train
hf-62753,validation
hf-62777,train
hf-62792,test
hf-6280,test
hf-62807,train
hf-62813,test
hf-62817,train
hf-62818,validation
hf-62851,validation
hf-6287,train
hf-62870,train
hf-62872,train
hf-62879,test
hf-62883,validation
hf-6289,test
hf-62898,test
hf-62899,validation
hf-62911,train
hf-62921,test
hf-62944,validation
hf-6296,test
hf-62967,train
hf-62970,train
hf-62984,train
hf-62986,validation
hf-62994,validation
hf-63008,train
hf-63025,validation
hf-63033,train
hf-63042,train
hf-63047,train
hf-63051,train
hf-63060,train
hf-63070,train
hf-63071,train
hf-63080,train
hf-63082,test
hf-63098,train
hf-63114,validation
hf-63116,train
hf-6312,train
hf-63124,train
hf-6313,train
hf-63143,train
hf-63145,train
hf-63149,train
hf-6315,train
hf-63152,validation
hf-63164,train
hf-63167,validation
hf-63169,train
hf-63171,train
hf-63173,train
hf-63181,test
hf-63188,train
hf-632,validation
hf-63202,train
hf-63206,train
hf-63213,validation
hf-63231,train
hf-63233,train
hf-63234,train
hf-63243,test
hf-63251,test
hf-63270,train
hf-63288,test
hf-63299,train
hf-63300,train
hf-63314,train
hf-6332,train
hf-63331,test
hf-63339,train
hf-63341,train
hf-63349,train
hf-63357,train
hf-63362,test
hf-63370,train
hf-63374,train
hf-63375,train
hf-6339,train
hf-63397,train
hf-63401,train
hf-63415,validation
hf-63428,train
hf-63429,train
hf-63433,train
hf-6345,train
hf-63454,test
hf-6347,validation
hf-63473,train
hf-63482,train
hf-6349,train
hf-63498,train
hf-63500,train
hf-63501,validation
hf-63504,validation
hf-63508,train
hf-63513,train
hf-63515,train
hf-63516,test
hf-6355,validation
hf-63550,validation
hf-63551,validation
hf-63559,test
hf-63569,train
hf-63578,train
hf-63582,train
hf-63589,validation
hf-63600,train
hf-63603,train
hf-63604,train
hf-6362,train
hf-63625,train
hf-63630,test
hf-63641,train
hf-63663,train
hf-6367,train
hf-63693,test
hf-63697,train
hf-6370,train
hf-63706,test
hf-63710,test
hf-63714,train
hf-63735,train
hf-63752,train
hf-63759,train
hf-63775,test
hf-63781,train
hf-63814,train
hf-6382,train
hf-63828,train
hf-6383,test
hf-63837,train
hf-63848,validation
hf-63855,train
hf-63859,train
hf-63861,test
hf-63873,train
hf-63890,test
hf-63895,train
hf-63912,train
hf-6393,train
hf-63951,test
hf-63952,train
hf-63964,test
hf-6399,validation
hf-6400,train
hf-64000,train
hf-64009,train
hf-64010,test
hf-64012,train
hf-64034,validation
hf-64035,validation
hf-64045,train
hf-64052,test
hf-64066,train
hf-64070,test
hf-64078,train
hf-64094,train
hf-64130,train
hf-64131,train
hf-64155,validation
hf-64158,train
hf-64168,train
hf-64185,train
hf-64227,train
hf-64242,train
hf-64253,train
hf-64257,validation
hf-64261,train
hf-64266,train
hf-64268,train
hf-64283,train
hf-64311,validation
hf-64341,test
hf-64342,test
hf-64356,train
hf-64358,test
hf-64371,train
hf-64374,train
hf-64390,train
hf-64395,train
hf-64404,validation
hf-64409,train
hf-64418,train
hf-64421,test
hf-64428,test
hf-64436,train
hf-64437,test
hf-64472,test
hf-64479,validation
hf-64486,train
hf-64492,validation
hf-64515,test
hf-64529,train
hf-64536,train
hf-64543,validation
hf-64554,validation
hf-6456,train
hf-64560,test
hf-64563,train
hf-64568,train
hf-64573,train
hf-64593,train
hf-64594,train
hf-64604,validation
hf-64607,train
hf-64616,train
hf-64622,validation
hf-64630,train
hf-64632,train
hf-64633,validation
hf-64643,test
hf-64651,train
hf-64655,test
hf-64657,validation
hf-64665,train
hf-64668,train
hf-64675,train
hf-64677,validation
hf-6469,test
hf-64692,train
hf-64697,train
hf-64714,validation
hf-64726,train
hf-64760,train
hf-64781,train
hf-64788,train
hf-64803,train
hf-6483,train
hf-64837,test
hf-64854,train
hf-64876,test
hf-64880,test
hf-64884,train
hf-64890,validation
hf-64900,test
hf-64906,test
hf-64907,validation
hf-6491,validation
hf-64910,train
hf-64913,test
hf-64917,train
hf-64921,validation
hf-64922,validation
hf-64923,train
hf-64935,train
hf-64940,train
hf-64952,train
hf-64965,train
hf-64966,train
hf-64974,train
hf-65003,train
hf-65005,test
hf-65013,train
hf-65015,train
hf-65042,validation
hf-65051,train
hf-65062,train
hf-65080,validation
hf-65098,test
hf-65100,test
hf-65112,train
hf-65118,train
hf-6512,train
hf-65120,train
hf-65128,test
hf-65157,train
hf-65176,train
hf-65194,train
hf-652,train
hf-65221,test
hf-65243,train
hf-65248,test
hf-6525,train
hf-65250,test
hf-6526,train
hf-6528,train
hf-65303,test
hf-65312,validation
hf-65315,train
hf-65321,validation
hf-65327,train
hf-65330,train
hf-65335,test
hf-65352,train
hf-6536,validation
hf-65368,train
hf-6537,test
hf-65386,validation
hf-65393,train
hf-65396,train
hf-65397,train
hf-6540,train
hf-65404,test
hf-65434,train
hf-65438,train
hf-65459,train
hf-65460,test
hf-65468,train
hf-65479,train
hf-65481,validation
hf-65499,validation
hf-65512,train
hf-65518,train
hf-6552,test
hf-65520,validation
hf-65556,validation
hf-65562,train
hf-65569,validation
hf-65579,test
hf-65586,test
hf-65607,test
hf-65616,train
hf-65629,validation
hf-65630,train
hf-65660,train
hf-65664,validation
hf-65689,train
hf-6569,train
hf-657,train
hf-65703,train
hf-65717,test
hf-65722,test
hf-65730,validation
hf-65737,train
hf-65748,train
hf-65751,validation
hf-65753,validation
hf-65760,train
hf-65762,train
hf-65787,train
hf-65789,train
hf-65791,validation
hf-65806,train
hf-65808,train
hf-65811,train
hf-6582,validation
hf-65835,train
hf-65838,train
hf-65844,validation
hf-65845,train
hf-65863,train
hf-65868,test
hf-65872,test
hf-65878,train
hf-65883,train
hf-65893,train
hf-65904,validation
hf-65929,validation
hf-65943,validation
hf-6595,validation
hf-65951,train
hf-65965,train
hf-6597,test
hf-65981,validation
hf-65992,train
hf-65998,validation
hf-66012,train
hf-66027,train
hf-6603,train
hf-66041,train
hf-66077,validation
hf-66078,validation
hf-66080,train
hf-66086,train
hf-6610,train
hf-66103,train
hf-66113,train
hf-66136,validation
hf-66137,train
hf-66142,train
hf-66152,test
hf-66153,train
hf-6616,train
hf-66166,train
hf-66173,train
hf-66183,test
hf-66187,validation
hf-66194,train
hf-66222,train
hf-66232,validation
hf-66246,train
hf-66257,test
hf-66282,train
hf-66288,train
hf-66294,test
hf-663,train
hf-66311,train
hf-66312,train
hf-66337,train
hf-66343,test
hf-66347,train
hf-66348,train
hf-66353,test
hf-66370,train
hf-66383,train
hf-66385,train
hf-66407,train
hf-66422,test
hf-66428,validation
hf-66429,train
hf-66431,train
hf-66438,train
hf-66444,train
hf-66472,train
hf-66497,validation
hf-6650,train
hf-66515,validation
hf-66521,test
hf-66522,validation
hf-66524,train
hf-66528,train
hf-66549,test
hf-66551,train
hf-66561,train
hf-66564,train
hf-66568,test
hf-66574,train
hf-66581,validation
hf-66585,test
hf-66586,test
hf-6660,train
hf-66608,validation
hf-66614,test
hf-6662,validation
hf-66621,train
hf-66625,test
hf-66627,test
hf-66628,test
hf-66636,train
hf-66649,test
hf-66654,train
hf-66659,train
hf-66662,train
hf-66664,test
hf-66665,validation
hf-66671,train
hf-66675,test
hf-66702,train
hf-66711,train
hf-66717,test
hf-66721,train
hf-66725,train
hf-66734,validation
hf-66744,train
hf-66752,validation
hf-6676,validation
hf-66768,test
hf-66779,train
hf-66782,validation
hf-668,train
hf-66806,test
hf-6682,train
hf-66824,train
hf-6684,train
hf-66845,test
hf-66848,validation
hf-66849,validation
hf-66884,train
hf-66885,train
hf-6689,train
hf-66895,validation
hf-669,train
hf-66901,test
hf-66908,test
hf-66909,validation
hf-66910,train
hf-66926,train
hf-66932,test
hf-66934,test
hf-66936,test
hf-66938,train
hf-66958,train
hf-66977,validation
hf-66990,test
hf-66999,validation
hf-6700,train
hf-6702,train
hf-67029,train
hf-67036,test
hf-67040,validation
hf-67042,train
hf-67044,train
hf-67046,validation
hf-6705,validation
hf-67064,validation
hf-67079,train
hf-67086,validation
hf-67090,train
hf-67093,train
hf-6711,train
hf-67137,train
hf-67140,test
hf-67149,test
hf-67154,test
hf-67166,train
hf-67175,train
hf-67180,train
hf-67184,test
hf-67188,train
hf-67217,train
hf-67246,train
hf-67253,train
hf-67274,test
hf-67276,train
hf-67277,validation
hf-67286,train
hf-67289,train
hf-6729,train
hf-67297,train
hf-67298,train
hf-67311,train
hf-6733,validation
hf-67331,train
hf-67333,test
hf-67343,train
hf-67347,validation
hf-67357,train
hf-67360,validation
hf-67365,test
hf-67377,test
hf-67379,test
hf-6738,train
hf-67387,test
hf-67397,train
hf-67398,test
hf-67400,test
hf-67415,train
hf-67418,validation
hf-67449,train
hf-67462,train
hf-67469,train
hf-67472,validation
hf-67483,validation
hf-67485,validation
hf-67486,train
hf-67487,test
hf-67492,test
hf-6750,train
hf-67502,test
hf-67521,train
hf-67522,train
hf-67535,validation
hf-6754,train
hf-67547,train
hf-67550,validation
hf-67557,test
hf-67566,train
hf-67578,test
hf-67582,train
hf-67597,train
hf-67598,train
hf-6763,validation
hf-67640,test
hf-67651,test
hf-67665,validation
hf-67666,test
hf-67672,train
hf-67679,train
hf-67688,validation
hf-67699,train
hf-67700,validation
hf-67717,train
hf-67720,train
hf-67724,test
hf-67725,test
hf-67739,train
hf-67748,validation
hf-67752,test
hf-67755,test
hf-67767,train
hf-67797,test
hf-67808,train
hf-67823,test
hf-67828,train
hf-6784,test
hf-67862,train
hf-67864,train
hf-67892,train
hf-67896,train
hf-67920,train
hf-67921,train
hf-67923,train
hf-67929,test
hf-67930,validation
hf-67937,train
hf-67941,train
hf-67947,train
hf-67973,train
hf-67974,train
hf-67977,validation
hf-67980,train
hf-68000,train
hf-68005,train
hf-68016,validation
hf-68023,train
hf-68030,validation
hf-68031,validation
hf-68033,train
hf-6804,test
hf-68046,train
hf-68059,train
hf-68074,train
hf-68076,validation
hf-68104,validation
hf-68113,train
hf-68117,train
hf-68130,train
hf-68159,validation
hf-68162,train
hf-68175,validation
hf-68177,validation
hf-68200,train
hf-6821,train
hf-68219,train
hf-68222,train
hf-68250,validation
hf-68257,validation
hf-68262,test
hf-68272,train
hf-68281,train
hf-68300,test
hf-68302,test
hf-68306,train
hf-68307,train
hf-68324,train
hf-68329,train
hf-68351,test
hf-68353,validation
hf-68362,validation
hf-68364,train
hf-68365,train
hf-68403,train
hf-68409,train
hf-68429,train
hf-68454,test
hf-68455,train
hf-68468,test
hf-68478,train
hf-68480,train
hf-6851,train
hf-68522,train
hf-68524,validation
hf-68532,train
hf-68552,validation
hf-68558,train
hf-68559,train
hf-68565,train
hf-68567,train
hf-68568,test
hf-68574,test
hf-68576,train
hf-68601,train
hf-68615,train
hf-68647,train
hf-68651,train
hf-68662,validation
hf-68668,test
hf-687,train
hf-68700,train
hf-6873,test
hf-68736,test
hf-68795,test
hf-68801,train
hf-68813,test
hf-68817,train
hf-68819,train
hf-68820,validation
hf-68829,train
hf-68836,train
hf-68845,validation
hf-68848,train
hf-68864,train
hf-68898,train
hf-689,validation
hf-68933,train
hf-68940,train
hf-68955,validation
hf-68979,train
hf-68980,test
hf-68986,train
hf-68988,test
hf-68995,test
hf-68996,train
hf-69007,test
hf-69008,train
hf-69010,validation
hf-69027,test
hf-69095,train
hf-69097,train
hf-69104,test
hf-69115,train
hf-69119,train
hf-6916,validation
hf-69161,train
hf-69167,test
hf-69182,test
hf-69186,test
hf-69188,train
hf-69194,train
hf-69196,validation
hf-69198,train
hf-69215,train
hf-69219,train
hf-69234,test
hf-69242,train
hf-69257,train
hf-69261,train
hf-69262,test
hf-69270,test
hf-69271,train
hf-69290,train
hf-69302,train
hf-69303,test
hf-69317,test
hf-69318,train
hf-69320,test
hf-69342,validation
hf-69343,test
hf-69357,train
hf-6936,test
hf-69365,train
hf-69382,test
hf-6939,train
hf-69395,train
hf-69411,train
hf-69426,train
hf-69430,train
hf-69448,test
hf-69458,train
hf-69460,train
hf-69462,train
hf-69485,train
hf-69508,test
hf-69511,validation
hf-69512,train
hf-69527,train
hf-69529,train
hf-69531,train
hf-69532,train
hf-69536,train
hf-69537,train
hf-69563,train
hf-69585,train
hf-69596,train
hf-69623,train
hf-69628,validation
hf-69648,validation
hf-69655,test
hf-69661,test
hf-69663,train
hf-69675,test
hf-69679,train
hf-69691,train
hf-69701,test
hf-69716,test
hf-69723,train
hf-6973,test
hf-69732,train
hf-69740,train
hf-69750,train
hf-69759,validation
hf-69786,test
hf-69790,train
hf-69795,test
hf-6980,train
hf-69805,train
hf-69807,train
hf-69822,train
hf-69827,test
hf-69838,validation
hf-69839,train
hf-69848,validation
hf-69856,train
hf-69870,validation
hf-69889,train
hf-6989,validation
hf-69894,train
hf-69904,train
hf-69913,train
hf-69923,test
hf-69924,train
hf-69944,test
hf-6996,test
hf-69970,train
hf-69971,validation
hf-69986,train
hf-69994,test
hf-69996,test
hf-69998,train
hf-70,train
hf-700,train
hf-70004,train
hf-70016,test
hf-70020,validation
hf-70026,train
hf-70059,train
hf-70066,validation
hf-70133,validation
hf-70138,validation
hf-70140,train
hf-70151,train
hf-70171,test
hf-70175,train
hf-7020,train
hf-70205,test
hf-70226,train
hf-70234,train
hf-70236,test
hf-70252,validation
hf-70267,train
hf-70280,train
hf-70281,train
hf-70294,test
hf-70302,train
hf-70303,validation
hf-70328,validation
hf-7033,train
hf-70356,train
hf-70357,train
hf-70380,test
hf-70381,train
hf-70384,train
hf-704,train
hf-70406,validation
hf-70414,train
hf-70429,train
hf-70452,test
hf-70465,train
hf-70469,test
hf-70475,train
hf-70497,train
hf-70504,test
hf-70508,train
hf-70510,train
hf-70516,test
hf-70534,train
hf-7054,train
hf-70566,train
hf-7058,train
hf-70583,train
hf-70589,train
hf-70597,train
hf-70598,train
hf-7060,test
hf-70611,train
hf-70613,test
hf-70620,validation
hf-70625,train
hf-70630,train
hf-7064,validation
hf-70641,validation
hf-70673,train
hf-70683,train
hf-70689,test
hf-70690,train
hf-70692,train
hf-70694,train
hf-70698,train
hf-70701,train
hf-70702,train
hf-70706,train
hf-70710,validation
hf-70711,validation
hf-7072,test
hf-70736,validation
hf-70737,test
hf-70738,test
hf-70756,train
hf-7077,train
hf-70782,train
hf-7079,train
hf-708,validation
hf-70802,train
hf-70806,train
hf-70813,validation
hf-70823,test
hf-70830,validation
hf-70850,validation
hf-70865,test
hf-70867,train
hf-70879,train
hf-7091,train
hf-70917,train
hf-70919,validation
hf-70929,train
hf-70944,train
hf-7095,test
hf-70951,train
hf-70957,test
hf-70964,train
hf-7097,validation
hf-70971,test
hf-70983,train
hf-710,train
hf-71000,test
hf-71005,train
hf-71010,train
hf-71015,train
hf-71016,train
hf-71018,train
hf-71026,test
hf-71027,test
hf-71046,train
hf-71048,validation
hf-71051,train
hf-71052,train
hf-71055,train
hf-71063,test
hf-71066,train
hf-71067,train
hf-71069,test
hf-71083,train
hf-71084,train
hf-71104,train
hf-71122,train
hf-71147,train
hf-7117,test
hf-71170,validation
hf-71174,validation
hf-71187,validation
hf-71197,test
hf-71200,validation
hf-71205,train
hf-71206,test
hf-71234,train
hf-71279,test
hf-71290,validation
hf-71291,validation
hf-71292,train
hf-713,train
hf-71308,train
hf-71319,train
hf-71346,train
hf-71363,train
hf-71364,train
hf-7137,validation
hf-71377,train
hf-71379,train
hf-71387,train
hf-71393,train
hf-71403,train
hf-71409,train
hf-71418,train
hf-71419,validation
hf-7143,train
hf-71434,test
hf-71436,train
hf-71444,train
hf-71450,train
hf-71453,validation
hf-71464,train
hf-71467,train
hf-71471,test
hf-71498,test
hf-71506,validation
hf-71515,train
hf-7152,train
hf-71528,train
hf-71538,train
hf-71542,train
hf-71546,train
hf-71554,train
hf-71563,test
hf-71566,test
hf-71577,train
hf-71583,validation
hf-71585,train
hf-71590,train
hf-71595,validation
hf-71618,test
hf-71619,train
hf-71625,train
hf-71631,train
hf-71642,train
hf-71658,train
hf-71665,validation
hf-71682,train
hf-71683,train
hf-71687,train
hf-71690,train
hf-71707,test
hf-71731,test
hf-71742,train
hf-71753,train
hf-71767,train
hf-71771,validation
hf-7178,validation
hf-71782,train
hf-71783,train
hf-71787,validation
hf-71795,validation
hf-71797,train
hf-71798,train
hf-718,validation
hf-7180,train
hf-71804,train
hf-71806,train
hf-71821,validation
hf-71838,validation
hf-71845,validation
hf-71859,train
hf-71866,train
hf-71870,validation
hf-71879,test
hf-71881,train
hf-71901,train
hf-71903,validation
hf-71915,train
hf-71924,test
hf-71937,train
hf-7195,validation
hf-71954,validation
hf-71959,train
hf-71965,train
hf-71972,validation
hf-7198,train
hf-71989,train
hf-72001,train
hf-72014,train
hf-72016,train
hf-72017,train
hf-72019,train
hf-72025,train
hf-72044,train
hf-72045,validation
hf-72059,train
hf-72064,test
hf-72067,train
hf-72073,train
hf-72087,train
hf-72091,validation
hf-7210,validation
hf-72125,train
hf-72142,train
hf-72159,validation
hf-72165,validation
hf-7217,train
hf-72170,train
hf-72193,test
hf-7221,test
hf-72214,train
hf-72217,train
hf-72222,validation
hf-72244,train
hf-72256,train
hf-72275,train
hf-72291,train
hf-72294,test
hf-72295,train
hf-72301,validation
hf-72329,validation
hf-72336,validation
hf-72340,validation
hf-72346,validation
hf-72347,train
hf-72355,train
hf-72378,test
hf-72388,train
hf-72405,train
hf-72408,train
hf-72430,train
hf-72448,train
hf-72458,train
hf-72464,train
hf-72466,train
hf-72471,test
hf-72486,validation
hf-72502,train
hf-72515,train
hf-72538,train
hf-72543,train
hf-72548,train
hf-7255,train
hf-72559,test
hf-72563,train
hf-72587,validation
hf-72589,train
hf-7260,train
hf-72600,train
hf-72605,test
hf-72606,test
hf-72612,train
hf-72614,train
hf-72619,train
hf-72639,validation
hf-72653,train
hf-72660,test
hf-72662,train
hf-72664,train
hf-72685,test
hf-72696,train
hf-72697,train
hf-72704,validation
hf-7271,train
hf-72713,train
hf-72734,train
hf-72742,train
hf-72744,test
hf-72748,train
hf-72759,validation
hf-72766,validation
hf-72774,test
hf-72776,validation
hf-72784,test
hf-72803,test
hf-72816,test
hf-72821,train
hf-72824,train
hf-7284,test
hf-72841,test
hf-72849,train
hf-72850,train
hf-72856,test
hf-72860,train
hf-72864,train
hf-72869,train
hf-72872,train
hf-72873,train
hf-72877,validation
hf-72886,train
hf-72912,train
hf-7292,validation
hf-72923,train
hf-72924,train
hf-72929,validation
hf-72935,train
hf-7294,validation
hf-72956,validation
hf-72965,validation
hf-7297,train
hf-72985,validation
hf-72992,validation
hf-72997,validation
hf-73007,train
hf-73014,test
hf-73024,train
hf-73028,validation
hf-73048,train
hf-73055,test
hf-73064,train
hf-73070,train
hf-73083,train
hf-73093,test
hf-73100,validation
hf-73115,train
hf-73119,train
hf-73121,validation
hf-73124,validation
hf-73142,train
hf-73152,train
hf-73175,validation
hf-73182,train
hf-73188,train
hf-73206,train
hf-73229,train
hf-7323,validation
hf-73250,train
hf-73262,validation
hf-73265,train
hf-73266,train
hf-73275,train
hf-7329,train
hf-73296,train
hf-73308,train
hf-73332,validation
hf-73337,train
hf-73344,train
hf-73355,validation
hf-73362,train
hf-73373,train
hf-73376,train
hf-73394,train
hf-73398,validation
hf-73403,validation
hf-73411,train
hf-73418,validation
hf-73421,train
hf-73439,train
hf-73448,validation
hf-73449,validation
hf-73459,train
hf-73465,train
hf-73476,train
hf-7348,train
hf-73498,train
hf-735,train
hf-73507,train
hf-7351,train
hf-73512,test
hf-73518,train
hf-73543,train
hf-73546,train
hf-73549,train
hf-73555,train
hf-73563,train
hf-73569,train
hf-73571,train
hf-73575,test
hf-73592,validation
hf-73613,validation
hf-7362,test
hf-73625,train
hf-73636,validation
hf-73645,validation
hf-73646,test
hf-73650,train
hf-73666,validation
hf-7367,test
hf-73672,train
hf-73676,test
hf-73680,train
hf-73682,validation
hf-73694,train
hf-73710,validation
hf-73716,train
hf-73726,train
hf-73738,test
hf-73747,train
hf-73757,validation
hf-73758,test
hf-73760,validation
hf-73766,train
hf-73771,train
hf-73779,train
hf-73782,train
hf-73802,train
hf-73813,test
hf-7384,test
hf-73843,train
hf-73846,train
hf-73852,train
hf-7387,validation
hf-73877,test
hf-73878,validation
hf-73888,train
hf-73892,train
hf-73893,validation
hf-73894,train
hf-73897,train
hf-7390,train
hf-73911,train
hf-73924,validation
hf-73925,test
hf-73934,train
hf-73943,test
hf-73951,validation
hf-73976,test
hf-73982,validation
hf-73986,train
hf-73996,validation
hf-74000,test
hf-74008,validation
hf-74023,train
hf-74024,train
hf-74028,train
hf-74050,validation
hf-74052,train
hf-74094,train
hf-74105,train
hf-74119,validation
hf-74120,train
hf-74127,train
hf-74150,train
hf-74152,train
hf-74157,test
hf-74184,test
hf-74192,train
hf-74247,train
hf-74253,validation
hf-74268,test
hf-74276,validation
hf-74292,train
hf-74301,test
hf-74315,train
hf-74334,train
hf-74338,train
hf-74347,validation
hf-74352,validation
hf-74355,test
hf-74356,test
hf-74384,validation
hf-74389,train
hf-74390,train
hf-74400,train
hf-7442,train
hf-74429,train
hf-7445,train
hf-74461,train
hf-74468,test
hf-7448,validation
hf-74480,train
hf-74485,train
hf-74486,train
hf-74490,test
hf-74529,train
hf-74533,test
hf-74535,validation
hf-74544,train
hf-74546,train
hf-74549,validation
hf-74551,test
hf-74557,test
hf-74562,validation
hf-74566,train
hf-74571,train
hf-7459,validation
hf-74594,validation
hf-74597,train
hf-74604,train
hf-74649,test
hf-74664,train
hf-74666,train
hf-74672,train
hf-74680,train
hf-74685,test
hf-74686,train
hf-74687,train
hf-74699,train
hf-7471,train
hf-74738,train
hf-74739,train
hf-74755,train
hf-74768,validation
hf-74785,train
hf-74788,train
hf-74798,train
hf-74799,train
hf-74809,train
hf-74817,validation
hf-74830,train
hf-74845,test
hf-74846,train
hf-74850,test
hf-7486,test
hf-74862,test
hf-74872,train
hf-74879,train
hf-74889,train
hf-74901,train
hf-74911,train
hf-74924,validation
hf-74936,test
hf-74946,train
hf-74947,train
hf-74952,train
hf-74956,train
hf-7497,train
hf-74979,validation
hf-74982,train
hf-75008,train
hf-75015,test
hf-7503,test
hf-75030,test
hf-75037,train
hf-75054,validation
hf-75080,train
hf-75082,test
hf-75084,validation
hf-75091,train
hf-75119,validation
hf-75125,test
hf-75136,train
hf-75141,test
hf-75159,train
hf-75163,train
hf-75188,test
hf-75189,train
hf-7519,train
hf-75197,train
hf-75199,test
hf-75200,test
hf-75217,validation
hf-75228,train
hf-7524,validation
hf-75245,test
hf-75261,train
hf-75264,validation
hf-7527,test
hf-75296,train
hf-75309,test
hf-75317,train
hf-75336,train
hf-75337,train
hf-75363,train
hf-7538,train
hf-75383,train
hf-75385,validation
hf-75389,test
hf-75392,train
hf-75393,test
hf-75411,train
hf-75429,train
hf-75435,validation
hf-75455,train
hf-75467,validation
hf-75473,test
hf-75486,validation
hf-75492,validation
hf-75505,validation
hf-75513,train
hf-75515,train
hf-75530,train
hf-75533,validation
hf-75543,validation
hf-75554,train
hf-75556,train
hf-75557,train
hf-75575,train
hf-75579,validation
hf-75600,train
hf-75618,train
hf-75632,validation
hf-75635,train
hf-75637,train
hf-75652,train
hf-75654,train
hf-75668,train
hf-75676,train
hf-75677,train
hf-75678,train
hf-75693,test
hf-75702,test
hf-75707,train
hf-75709,train
hf-75717,train
hf-75718,test
hf-75727,train
hf-75744,train
hf-75751,validation
hf-75756,train
hf-75757,train
hf-75768,train
hf-75773,train
hf-75804,validation
hf-7584,test
hf-75845,test
hf-75849,validation
hf-75860,train
hf-75870,train
hf-75873,train
hf-75896,test
hf-75904,train
hf-7591,train
hf-75915,train
hf-75916,train
hf-75938,train
hf-75958,train
hf-75959,train
hf-75967,train
hf-75968,test
hf-75970,validation
hf-75981,train
hf-75983,train
hf-75991,validation
hf-75996,train
hf-7600,validation
hf-76007,train
hf-76010,train
hf-76017,train
hf-76020,train
hf-76024,validation
hf-7605,train
hf-76053,validation
hf-76070,test
hf-76078,train
hf-7608,validation
hf-76095,train
hf-76097,train
hf-76100,train
hf-76101,train
hf-76103,train
hf-76109,train
hf-76118,train
hf-76122,train
hf-76136,train
hf-7614,train
hf-76156,train
hf-76160,train
hf-76198,train
hf-76203,test
hf-76207,validation
hf-7622,train
hf-76223,validation
hf-7623,train
hf-76245,validation
hf-76265,validation
hf-76269,test
hf-7627,test
hf-7628,train
hf-76281,test
hf-76293,train
hf-76295,train
hf-7631,train
hf-76316,train
hf-76330,train
hf-76332,validation
hf-76339,test
hf-76345,train
hf-76362,train
hf-76366,train
hf-76383,train
hf-76384,train
hf-7639,train
hf-76390,train
hf-76391,train
hf-76405,train
hf-76413,test
hf-76417,train
hf-76424,train
hf-76428,train
hf-76440,validation
hf-76444,test
hf-76458,train
hf-76470,test
hf-76472,train
hf-76476,train
hf-7648,validation
hf-76482,train
hf-76494,validation
hf-76499,test
hf-76501,train
hf-76510,train
hf-76528,train
hf-7653,train
hf-76530,train
hf-76534,validation
hf-7654,train
hf-76541,test
hf-76551,validation
hf-76560,validation
hf-76600,train
hf-76617,train
hf-76634,validation
hf-76648,train
hf-7665,test
hf-76657,train
hf-76660,train
hf-76663,validation
hf-76665,train
hf-76667,train
hf-76671,test
hf-76680,validation
hf-76697,train
hf-76708,train
hf-76710,train
hf-76734,train
hf-76748,train
hf-7677,validation
hf-76775,train
hf-76777,test
hf-76793,test
hf-76799,train
hf-76811,train
hf-76817,train
hf-76828,train
hf-76841,train
hf-76849,train
hf-7685,test
hf-76858,test
hf-7686,train
hf-76866,train
hf-76875,validation
hf-76878,test
hf-76883,validation
hf-76885,train
hf-7689,train
hf-76892,train
hf-76896,train
hf-76903,test
hf-76915,test
hf-76928,train
hf-7693,test
hf-76930,train
hf-76938,validation
hf-76941,train
hf-76952,validation
hf-76956,train
hf-76959,test
hf-76965,test
hf-76979,test
hf-7698,test
hf-76991,test
hf-77060,train
hf-77063,train
hf-77071,train
hf-77072,train
hf-7709,train
hf-77098,test
hf-77135,validation
hf-7714,train
hf-77140,train
hf-77149,validation
hf-77150,test
hf-77157,validation
hf-77165,train
hf-77177,train
hf-77178,train
hf-7718,train
hf-77204,train
hf-77208,train
hf-77215,test
hf-77216,train
hf-77218,train
hf-7722,test
hf-77223,train
hf-77233,test
hf-77280,train
hf-77284,train
hf-77286,validation
hf-77287,train
hf-77297,train
hf-77308,train
hf-77309,validation
hf-7733,train
hf-77334,train
hf-77346,train
hf-77351,train
hf-77352,train
hf-77358,validation
hf-77368,train
hf-77369,train
hf-77389,test
hf-77393,test
hf-77408,validation
hf-77412,validation
hf-77414,test
hf-77420,test
hf-77436,test
hf-77440,train
hf-77443,train
hf-77458,validation
hf-7746,train
hf-77467,test
hf-77483,train
hf-77487,test
hf-77493,train
hf-775,train
hf-77501,train
hf-77502,validation
hf-77519,test
hf-77531,train
hf-77542,test
hf-77552,test
hf-77570,train
hf-77571,test
hf-77580,train
hf-77602,validation
hf-77607,train
hf-77616,validation
hf-77623,validation
hf-7763,train
hf-77655,train
hf-77662,train
hf-77671,train
hf-77703,train
hf-77708,train
hf-77715,test
hf-77717,train
hf-77721,train
hf-77752,test
hf-77782,test
hf-77787,train
hf-7779,test
hf-77800,train
hf-7781,test
hf-77819,train
hf-77857,test
hf-7786,test
hf-77861,test
hf-77866,test
hf-77868,train
hf-77880,train
hf-77883,train
hf-77910,train
hf-77925,validation
hf-77931,train
hf-77933,train
hf-77968,validation
hf-77970,train
hf-77971,train
hf-77978,test
hf-77979,train
hf-77980,train
hf-77985,train
hf-77998,train
hf-7801,train
hf-78015,train
hf-78020,train
hf-78023,train
hf-78029,train
hf-78032,train
hf-78035,validation
hf-78048,train
hf-78073,train
hf-78075,validation
hf-78081,train
hf-78083,test
hf-78086,train
hf-78092,train
hf-78099,train
hf-78104,validation
hf-78109,train
hf-78110,train
hf-78115,train
hf-78149,validation
hf-7815,test
hf-78159,train
hf-7816,train
hf-78164,train
hf-78166,test
hf-78170,train
hf-7818,train
hf-78189,test
hf-7819,train
hf-78194,train
hf-7820,test
hf-78207,train
hf-78212,train
hf-78215,train
hf-78256,test
hf-78260,train
hf-78266,train
hf-78274,train
hf-78276,train
hf-78303,train
hf-78311,train
hf-78312,test
hf-78316,train
hf-7832,train
hf-78333,train
hf-78341,validation
hf-78370,train
hf-78376,train
hf-78383,train
hf-78419,train
hf-78435,train
hf-78441,train
hf-7845,train
hf-78450,train
hf-78458,train
hf-78473,train
hf-78480,train
hf-78489,train
hf-7849,train
hf-78491,test
hf-78501,train
hf-78503,test
hf-78504,validation
hf-78507,train
hf-7851,train
hf-78516,train
hf-78523,test
hf-78528,validation
hf-78546,test
hf-78547,validation
hf-78552,train
hf-78557,train
hf-78560,train
hf-78595,validation
hf-78611,train
hf-78613,train
hf-78614,test
hf-78622,train
hf-78638,train
hf-7865,validation
hf-78652,test
hf-78653,train
hf-78657,test
hf-78659,validation
hf-78662,validation
hf-78668,validation
hf-78671,train
hf-78681,train
hf-78688,validation
hf-78690,train
hf-78693,test
hf-78698,test
hf-78703,train
hf-78708,train
hf-78729,train
hf-78730,validation
hf-78748,train
hf-78764,test
hf-78770,train
hf-78774,validation
hf-78778,validation
hf-78821,test
hf-78833,train
hf-7884,train
hf-78842,validation
hf-78861,train
hf-78870,validation
hf-78875,train
hf-78888,train
hf-78889,validation
hf-78897,train
hf-78911,validation
hf-78916,test
hf-7892,train
hf-78927,train
hf-78965,train
hf-78969,train
hf-78973,test
hf-78974,train
hf-78981,test
hf-790,validation
hf-79015,test
hf-79018,test
hf-79025,train
hf-79040,test
hf-79047,validation
hf-79049,validation
hf-79053,train
hf-79055,train
hf-79087,validation
hf-79093,train
hf-7910,test
hf-79106,train
hf-79116,validation
hf-79122,test
hf-79126,validation
hf-79137,train
hf-79144,test
hf-79154,test
hf-7916,train
hf-79160,train
hf-79177,test
hf-79178,train
hf-79194,train
hf-79195,test
hf-79200,train
hf-79204,validation
hf-79209,train
hf-7922,train
hf-7923,train
hf-79231,train
hf-79238,train
hf-79243,test
hf-79257,validation
hf-79271,train
hf-79293,train
hf-79294,train
hf-79302,validation
hf-79305,train
hf-79306,train
hf-79316,validation
hf-79325,train
hf-79334,train
hf-79342,train
hf-79353,test
hf-79354,train
hf-79357,test
hf-79365,validation
hf-79381,test
hf-79408,test
hf-79413,test
hf-79420,train
hf-79424,test
hf-79440,test
hf-79445,test
hf-79457,train
hf-79469,validation
hf-7947,train
hf-79481,test
hf-79487,test
hf-79491,train
hf-795,train
hf-79533,train
hf-79554,validation
hf-79560,test
hf-79567,train
hf-79573,train
hf-79574,validation
hf-79587,train
hf-7959,validation
hf-7960,train
hf-79600,train
hf-79607,train
hf-7962,validation
hf-79645,train
hf-79663,train
hf-79675,train
hf-79681,validation
hf-79693,validation
hf-797,validation
hf-79716,train
hf-79723,validation
hf-79740,validation
hf-79761,validation
hf-79762,train
hf-79774,test
hf-79784,train
hf-79787,train
hf-79790,validation
hf-79802,train
hf-79808,validation
hf-79811,validation
hf-79827,train
hf-79836,validation
hf-7984,train
hf-79849,train
hf-79857,train
hf-79867,train
hf-79895,train
hf-79920,train
hf-79938,train
hf-79955,train
hf-79958,validation
hf-79960,train
hf-79962,validation
hf-79976,train
hf-79978,train
hf-79989,train
hf-79990,train
hf-79997,validation
hf-800,test
hf-80008,train
hf-80055,train
hf-80071,train
hf-80083,validation
hf-8010,train
hf-80122,validation
hf-80130,train
hf-80157,train
hf-80170,train
hf-80176,validation
hf-80180,validation
hf-80186,test
hf-8019,train
hf-80199,validation
hf-80205,train
hf-80207,test
hf-80210,test
hf-80217,validation
hf-80240,train
hf-80271,validation
hf-80287,test
hf-80298,train
hf-80304,test
hf-80307,train
hf-80340,train
hf-80369,validation
hf-80377,train
hf-80381,validation
hf-80384,validation
hf-80395,train
hf-8042,train
hf-80447,test
hf-80464,test
hf-80468,train
hf-80475,train
hf-80487,train
hf-80489,train
hf-80491,train
hf-8050,train
hf-80503,validation
hf-80517,train
hf-8052,validation
hf-80538,train
hf-80568,train
hf-80569,train
hf-80577,train
hf-80587,test
hf-80589,test
hf-80594,validation
hf-80607,test
hf-80608,train
hf-80627,train
hf-80646,test
hf-80647,train
hf-80649,validation
hf-80651,train
hf-80657,validation
hf-80683,train
hf-80686,test
hf-80690,validation
hf-80716,test
hf-80745,validation
hf-80751,train
hf-8077,train
hf-80772,validation
hf-80783,test
hf-80784,test
hf-80796,validation
hf-80798,test
hf-80813,train
hf-80834,train
hf-80841,train
hf-80842,train
hf-80848,train
hf-80858,train
hf-80869,train
hf-80879,train
hf-80891,train
hf-80895,train
hf-809,train
hf-8090,test
hf-80902,train
hf-80921,train
hf-80923,test
hf-80926,validation
hf-80927,train
hf-80930,test
hf-80944,train
hf-80948,train
hf-80953,validation
hf-80975,validation
hf-80996,train
hf-80997,validation
hf-81011,train
hf-81023,train
hf-81028,test
hf-81037,train
hf-81045,test
hf-81047,test
hf-8105,validation
hf-81051,test
hf-81057,train
hf-81062,train
hf-81080,test
hf-81087,train
hf-81088,test
hf-81093,train
hf-81124,train
hf-8113,validation
hf-81138,train
hf-81157,train
hf-81160,train
hf-81161,train
hf-81166,train
hf-81168,train
hf-81180,train
hf-81190,train
hf-81192,train
hf-81220,validation
hf-81222,test
hf-81229,train
hf-81243,train
hf-81267,validation
hf-81284,validation
hf-81286,train
hf-81289,train
hf-81316,test
hf-81320,train
hf-81336,train
hf-81343,train
hf-81345,train
hf-81347,train
hf-81358,train
hf-81381,train
hf-81398,train
hf-81409,train
hf-81429,train
hf-81430,train
hf-81445,train
hf-81510,test
hf-81514,train
hf-81562,train
hf-81564,validation
hf-81577,validation
hf-81589,train
hf-8160,train
hf-81616,train
hf-81627,train
hf-81636,train
hf-81639,train
hf-81643,train
hf-81656,test
hf-81664,train
hf-81669,test
hf-8169,train
hf-81693,train
hf-8171,test
hf-81731,train
hf-81742,validation
hf-81756,validation
hf-81758,validation
hf-81759,validation
hf-81764,train
hf-81781,test
hf-81799,validation
hf-81800,train
hf-81813,train
hf-81822,validation
hf-81833,validation
hf-81837,validation
hf-81843,train
hf-81853,train
hf-81871,test
hf-81879,train
hf-81885,train
hf-8189,test
hf-81900,train
hf-81906,train
hf-81909,validation
hf-81911,test
hf-81915,train
hf-81918,test
hf-81922,train
hf-81923,validation
hf-81928,train
hf-81944,train
hf-81946,train
hf-81961,validation
hf-8197,train
hf-81970,validation
hf-81975,train
hf-8198,train
hf-81980,train
hf-8199,train
hf-82011,validation
hf-82027,validation
hf-82033,train
hf-82037,train
hf-82041,train
hf-82042,validation
hf-82061,test
hf-8208,train
hf-82096,train
hf-82114,test
hf-82125,validation
hf-82128,train
hf-82129,train
hf-82130,train
hf-82134,train
hf-82144,train
hf-8215,train
hf-82161,test
hf-82175,test
hf-8219,test
hf-82196,train
hf-82216,test
hf-8222,train
hf-82231,test
hf-82234,train
hf-82245,test
hf-82255,train
hf-82258,test
hf-8227,validation
hf-82270,train
hf-82275,train
hf-82284,test
hf-82310,test
hf-82321,train
hf-82325,test
hf-82329,test
hf-82348,train
hf-82350,train
hf-82351,validation
hf-82356,train
hf-8236,train
hf-82366,validation
hf-82384,test
hf-82393,train
hf-82434,validation
hf-82440,train
hf-82441,train
hf-82444,test
hf-82448,validation
hf-8245,test
hf-82454,validation
hf-82467,train
hf-82471,validation
hf-82472,train
hf-82479,train
hf-82484,train
hf-82492,test
hf-82501,train
hf-82505,train
hf-82520,test
hf-82527,train
hf-82528,validation
hf-82547,train
hf-82552,train
hf-82558,train
hf-82568,train
hf-82571,train
hf-82577,test
hf-82591,train
hf-82603,train
hf-8262,train
hf-82621,test
hf-82631,test
hf-82652,train
hf-8266,test
hf-82665,train
hf-82679,train
hf-82685,test
hf-82689,validation
hf-82690,validation
hf-82693,train
hf-8270,train
hf-82700,train
hf-82706,train
hf-82709,test
hf-82743,train
hf-8275,test
hf-8277,train
hf-82784,train
hf-82788,train
hf-82808,train
hf-82815,test
hf-82817,test
hf-8282,train
hf-82831,train
hf-82846,validation
hf-82856,validation
hf-82861,train
hf-82883,train
hf-82884,train
hf-82885,test
hf-82889,test
hf-8289,train
hf-82906,train
hf-8291,test
hf-82913,train
hf-82916,test
hf-82934,train
hf-82936,train
hf-82938,validation
hf-8295,train
hf-82963,train
hf-82976,train
hf-82995,train
hf-82996,test
hf-83012,train
hf-83016,train
hf-83033,validation
hf-83039,train
hf-83045,train
hf-8306,train
hf-83068,validation
hf-83083,validation
hf-83085,train
hf-83099,train
hf-83111,validation
hf-83130,test
hf-83135,train
hf-83147,train
hf-83149,validation
hf-83155,train
hf-83166,test
hf-83182,train
hf-83193,validation
hf-83199,train
hf-83204,train
hf-83217,train
hf-83224,train
hf-83235,train
hf-83244,train
hf-8325,validation
hf-83250,train
hf-83279,train
hf-83288,train
hf-83293,test
hf-83295,test
hf-83296,validation
hf-83302,train
hf-8333,train
hf-83332,train
hf-83338,validation
hf-83340,train
hf-8335,test
hf-83350,test
hf-83351,train
hf-83358,train
hf-83368,validation
hf-83373,train
hf-83393,train
hf-83412,validation
hf-83428,train
hf-83439,train
hf-83448,train
hf-8345,test
hf-83455,train
hf-8347,train
hf-83490,validation
hf-83501,validation
hf-83503,test
hf-83504,test
hf-83505,train
hf-83529,test
hf-8353,train
hf-83541,train
hf-83572,train
hf-83580,validation
hf-83584,train
hf-83586,train
hf-83590,validation
hf-83592,validation
hf-83599,validation
hf-83603,train
hf-83607,train
hf-8365,train
hf-83654,train
hf-83658,train
hf-83659,test
hf-83674,validation
hf-83692,validation
hf-83701,train
hf-83703,validation
hf-83704,train
hf-83706,train
hf-83719,test
hf-83741,test
hf-83759,train
hf-83774,train
hf-83782,train
hf-83799,train
hf-83809,train
hf-83814,test
hf-83819,train
hf-83821,train
hf-83825,test
hf-8383,train
hf-83836,train
hf-83843,train
hf-83846,validation
hf-83856,train
hf-83861,train
hf-83869,validation
hf-8387,train
hf-83873,test
hf-83878,test
hf-83882,train
hf-83887,train
hf-83907,validation
hf-83910,validation
hf-83912,train
hf-83918,train
hf-83927,train
hf-83931,validation
hf-83938,train
hf-83939,test
hf-8395,test
hf-83953,train
hf-83954,train
hf-84001,validation
hf-84007,validation
hf-84008,validation
hf-8401,train
hf-84019,test
hf-84046,test
hf-84048,validation
hf-8405,train
hf-84060,train
hf-84066,train
hf-84071,train
hf-84077,train
hf-84078,train
hf-84087,train
hf-84096,train
hf-84098,test
hf-84121,train
hf-84128,train
hf-84131,train
hf-84134,train
hf-84145,train
hf-8415,train
hf-84150,validation
hf-84161,validation
hf-84163,train
hf-84172,train
hf-84196,train
hf-84203,train
hf-84210,train
hf-84211,test
hf-84216,test
hf-8422,train
hf-84229,train
hf-84230,test
hf-84231,train
hf-84250,train
hf-84251,train
hf-84260,test
hf-84272,test
hf-84278,validation
hf-84286,validation
hf-84298,train
hf-84301,train
hf-84315,train
hf-84318,train
hf-84319,validation
hf-84341,train
hf-84342,train
hf-84343,train
hf-84359,train
hf-84370,validation
hf-84374,train
hf-84375,test
hf-84376,validation
hf-84397,train
hf-844,train
hf-84400,test
hf-84413,test
hf-84415,validation
hf-8442,train
hf-84421,train
hf-84450,train
hf-84462,train
hf-84464,validation
hf-8447,train
hf-84473,train
hf-8449,validation
hf-84491,test
hf-84492,train
hf-84537,train
hf-84539,test
hf-84542,train
hf-84546,train
hf-84558,test
hf-84561,train
hf-84574,train
hf-84575,test
hf-84584,train
hf-84585,validation
hf-84589,validation
hf-84591,test
hf-84593,train
hf-84594,train
hf-84602,train
hf-84620,validation
hf-84626,validation
hf-84632,train
hf-84640,train
hf-84653,train
hf-84656,train
hf-84659,train
hf-8467,validation
hf-84676,test
hf-84680,validation
hf-84682,validation
hf-84685,train
hf-84686,test
hf-84704,train
hf-84707,test
hf-84708,train
hf-84725,validation
hf-84735,train
hf-84736,test
hf-8474,test
hf-84747,validation
hf-84768,test
hf-84775,train
hf-84776,validation
hf-84782,validation
hf-84787,train
hf-84789,test
hf-8479,train
hf-84798,train
hf-84812,train
hf-84820,test
hf-84823,test
hf-84825,validation
hf-84832,train
hf-84858,train
hf-84889,train
hf-84890,validation
hf-84892,validation
hf-84913,train
hf-8492,train
hf-84929,train
hf-84939,train
hf-84941,validation
hf-84959,test
hf-84964,train
hf-84965,test
hf-84969,test
hf-84977,validation
hf-84988,test
hf-84992,train
hf-85004,validation
hf-85010,validation
hf-85012,train
hf-85014,train
hf-85018,test
hf-85020,train
hf-85036,train
hf-85043,train
hf-85045,validation
hf-85064,train
hf-85072,train
hf-8509,train
hf-85095,validation
hf-85101,train
hf-85108,train
hf-85117,train
hf-85129,validation
hf-85136,test
hf-85146,train
hf-85147,validation
hf-85152,train
hf-85156,train
hf-85164,train
hf-85177,train
hf-85181,train
hf-85187,train
hf-85190,validation
hf-85201,train
hf-85203,train
hf-8523,train
hf-85238,train
hf-85242,train
hf-85243,validation
hf-85254,validation
hf-85276,train
hf-8528,train
hf-85289,train
hf-85298,test
hf-85300,test
hf-85304,train
hf-85314,test
hf-85325,train
hf-85336,train
hf-85369,train
hf-85372,train
hf-85390,train
hf-85405,train
hf-85459,train
hf-85466,train
hf-85467,train
hf-8547,train
hf-85502,train
hf-85503,train
hf-8551,test
hf-85512,test
hf-85514,train
hf-85525,validation
hf-85561,validation
hf-8557,train
hf-85571,train
hf-85576,train
hf-85583,validation
hf-8559,train
hf-85592,test
hf-85597,train
hf-85601,test
hf-85608,train
hf-8561,train
hf-85611,validation
hf-85616,train
hf-85618,train
hf-85622,train
hf-85626,train
hf-85628,validation
hf-85631,test
hf-85636,validation
hf-85648,train
hf-85661,train
hf-8567,test
hf-85673,validation
hf-85691,train
hf-85695,test
hf-85704,train
hf-85712,test
hf-85715,train
hf-85718,train
hf-85727,train
hf-85730,test
hf-85734,train
hf-85748,train
hf-85754,validation
hf-85758,train
hf-85759,validation
hf-85761,train
hf-85792,train
hf-8580,test
hf-85806,validation
hf-85809,train
hf-8581,train
hf-85811,train
hf-85812,train
hf-85831,train
hf-85857,train
hf-85864,test
hf-8588,train
hf-85897,train
hf-859,validation
hf-85904,train
hf-85931,train
hf-85946,train
hf-85951,validation
hf-85952,train
hf-85955,validation
hf-85967,train
hf-85971,train
hf-8599,train
hf-86039,train
hf-8604,validation
hf-8606,train
hf-86075,test
hf-86100,train
hf-86121,train
hf-8613,validation
hf-86194,test
hf-86196,train
hf-86222,train
hf-86224,test
hf-86227,validation
hf-86229,train
hf-86247,train
hf-86254,test
hf-86265,test
hf-8627,validation
hf-86286,validation
hf-86294,train
hf-86305,train
hf-86306,validation
hf-86329,validation
hf-86333,train
hf-86338,test
hf-86345,train
hf-86358,test
hf-86361,train
hf-86363,train
hf-86378,validation
hf-8638,train
hf-86382,train
hf-86386,validation
hf-86400,test
hf-86404,validation
hf-86409,train
hf-86432,validation
hf-8644,train
hf-86443,train
hf-86446,train
hf-86455,validation
hf-86484,train
hf-86485,train
hf-86498,train
hf-86519,train
hf-86520,train
hf-86522,train
hf-86528,train
hf-86543,validation
hf-86548,train
hf-8655,validation
hf-86554,validation
hf-86566,train
hf-86574,train
hf-8658,train
hf-86584,train
hf-86600,train
hf-86606,train
hf-86607,validation
hf-8661,train
hf-86615,train
hf-86621,validation
hf-86640,validation
hf-86654,test
hf-86657,train
hf-86660,validation
hf-86684,test
hf-86689,test
hf-86690,test
hf-86696,train
hf-86697,test
hf-86701,test
hf-86714,test
hf-86715,test
hf-8672,train
hf-86721,train
hf-86729,test
hf-86743,validation
hf-86762,train
hf-86766,train
hf-8677,test
hf-86789,train
hf-86797,train
hf-86800,train
hf-86826,train
hf-8683,train
hf-86841,test
hf-86855,train
hf-86869,train
hf-8687,test
hf-86876,validation
hf-86877,train
hf-8688,test
hf-86880,train
hf-86907,train
hf-86908,train
hf-86917,train
hf-8693,validation
hf-86930,train
hf-86932,train
hf-86945,test
hf-86950,validation
hf-86954,train
hf-86959,train
hf-86960,train
hf-86965,validation
hf-86972,validation
hf-8699,train
hf-86998,train
hf-87067,train
hf-87084,test
hf-87092,test
hf-87096,train
hf-8710,train
hf-87106,validation
hf-87130,validation
hf-87140,train
hf-87143,validation
hf-87183,test
hf-87187,train
hf-87192,test
hf-87198,test
hf-87207,validation
hf-87209,train
hf-87210,test
hf-87221,train
hf-87222,test
hf-87225,validation
hf-87230,train
hf-87237,train
hf-87247,train
hf-87261,test
hf-87284,train
hf-87297,train
hf-87314,test
hf-87323,train
hf-87341,train
hf-87343,train
hf-87345,validation
hf-87348,validation
hf-87351,train
hf-87354,validation
hf-87356,validation
hf-87357,train
hf-87358,test
hf-87363,train
hf-87368,train
hf-87370,train
hf-87386,validation
hf-8739,train
hf-87429,validation
hf-87435,validation
hf-87439,validation
hf-87455,validation
hf-87471,validation
hf-87474,validation
hf-87477,train
hf-87478,validation
hf-8748,validation
hf-875,train
hf-8750,train
hf-87506,validation
hf-87509,validation
hf-87510,train
hf-87511,validation
hf-87527,train
hf-87528,test
hf-87531,train
hf-8754,train
hf-87544,train
hf-87547,train
hf-87549,validation
hf-87553,train
hf-8756,validation
hf-87568,test
hf-87569,validation
hf-87570,train
hf-87603,test
hf-87605,validation
hf-8762,validation
hf-87625,train
hf-87627,train
hf-87628,train
hf-87635,train
hf-87648,train
hf-87649,train
hf-87656,train
hf-87670,validation
hf-87691,train
hf-87708,train
hf-87717,validation
hf-8774,train
hf-87743,train
hf-8775,validation
hf-87752,test
hf-87761,test
hf-87786,validation
hf-87787,validation
hf-87792,test
hf-87798,train
hf-878,train
hf-87802,train
hf-87806,train
hf-87811,validation
hf-87816,train
hf-87821,test
hf-87828,train
hf-87829,train
hf-87837,validation
hf-87880,validation
hf-87886,train
hf-879,train
hf-8790,train
hf-87911,train
hf-87913,train
hf-87917,train
hf-87948,validation
hf-87967,validation
hf-87971,validation
hf-87982,validation
hf-87983,train
hf-87988,train
hf-87998,train
hf-88007,train
hf-88011,train
hf-88024,train
hf-8804,test
hf-88046,train
hf-88054,train
hf-88059,train
hf-88061,train
hf-88071,train
hf-88073,train
hf-88074,validation
hf-88077,test
hf-88099,train
hf-8812,validation
hf-88121,validation
hf-88128,train
hf-88134,train
hf-88143,train
hf-8815,test
hf-88150,train
hf-88153,validation
hf-88161,validation
hf-88173,train
hf-8818,test
hf-88183,train
hf-88193,validation
hf-88214,test
hf-88222,test
hf-88226,train
hf-88251,train
hf-88257,train
hf-88276,train
hf-88277,train
hf-88283,train
hf-88338,train
hf-88347,test
hf-88355,train
hf-88376,test
hf-8838,test
hf-88382,train
hf-8839,validation
hf-88418,validation
hf-88421,train
hf-88426,test
hf-88429,train
hf-88432,validation
hf-88437,train
hf-88450,test
hf-88459,train
hf-88464,train
hf-88475,train
hf-88476,validation
hf-88480,validation
hf-88481,train
hf-88497,train
hf-88498,train
hf-88505,train
hf-88511,train
hf-88515,train
hf-88516,train
hf-88517,validation
hf-88521,validation
hf-88525,train
hf-88529,train
hf-88543,train
hf-88552,validation
hf-88556,train
hf-8856,test
hf-88572,test
hf-88575,train
hf-88594,test
hf-8860,test
hf-88617,test
hf-8862,train
hf-88629,train
hf-88631,train
hf-8864,train
hf-88652,validation
hf-88658,validation
hf-88660,validation
hf-88696,test
hf-88705,train
hf-88712,train
hf-88733,train
hf-88746,test
hf-88747,validation
hf-88751,train
hf-88777,train
hf-88811,train
hf-88817,test
hf-88823,train
hf-88840,train
hf-88844,train
hf-88851,train
hf-88869,train
hf-88873,train
hf-88879,validation
hf-88881,train
hf-88887,train
hf-88893,train
hf-88926,validation
hf-88932,validation
hf-88935,test
hf-88952,validation
hf-88968,test
hf-88977,validation
hf-88983,test
hf-88992,train
hf-88994,validation
hf-88996,train
hf-89,train
hf-8901,validation
hf-89022,test
hf-89028,train
hf-89034,test
hf-89035,train
hf-89036,test
hf-89037,validation
hf-89048,test
hf-89059,train
hf-89080,train
hf-89090,train
hf-89100,train
hf-89124,train
hf-89135,test
hf-89137,train
hf-89139,train
hf-89164,train
hf-8917,validation
hf-89175,train
hf-89185,train
hf-89191,train
hf-89196,train
hf-89203,train
hf-89206,test
hf-89209,train
hf-8921,train
hf-89213,validation
hf-89222,test
hf-89235,train
hf-8924,validation
hf-89246,train
hf-89247,test
hf-89260,train
hf-89265,validation
hf-89270,validation
hf-89276,test
hf-89292,validation
hf-89299,train
hf-8931,train
hf-89312,test
hf-89316,train
hf-89372,train
hf-8939,train
hf-89393,train
hf-8940,test
hf-89401,train
hf-89402,test
hf-89407,train
hf-89410,validation
hf-89416,train
hf-89431,validation
hf-89450,train
hf-89457,test
hf-89458,validation
hf-89467,train
hf-89477,validation
hf-8948,train
hf-89497,test
hf-89499,test
hf-89504,train
hf-89518,validation
hf-89519,train
hf-89523,train
hf-89551,test
hf-89552,train
hf-89559,train
hf-89560,validation
hf-89561,train
hf-89562,train
hf-89563,train
hf-89567,train
hf-89577,train
hf-89586,validation
hf-89588,train
hf-896,train
hf-89601,test
hf-89615,test
hf-89616,train
hf-89622,validation
hf-89625,validation
hf-89659,validation
hf-89666,train
hf-89672,train
hf-8968,train
hf-89683,validation
hf-89684,train
hf-89703,test
hf-89705,test
hf-89711,train
hf-89716,test
hf-89722,train
hf-89724,train
hf-89730,test
hf-89733,test
hf-89741,train
hf-89764,test
hf-89769,test
hf-89776,test
hf-89777,train
hf-89805,train
hf-89808,train
hf-89811,train
hf-89848,train
hf-89858,train
hf-89864,train
hf-89871,train
hf-89893,test
hf-89902,train
hf-89917,validation
hf-89924,train
hf-89949,train
hf-89955,test
hf-89970,train
hf-89971,test
hf-89978,validation
hf-89982,test
hf-89990,train
hf-89993,train
hf-90018,train
hf-90031,train
hf-90039,train
hf-90042,train
hf-90051,train
hf-90059,train
hf-90066,train
hf-90069,train
hf-90073,validation
hf-90075,validation
hf-90079,train
hf-90098,train
hf-9010,train
hf-90113,train
hf-90127,train
hf-90137,test
hf-9014,validation
hf-90150,validation
hf-90153,validation
hf-9016,validation
hf-90179,train
hf-90182,train
hf-90187,validation
hf-90189,test
hf-90193,train
hf-90210,train
hf-90217,train
hf-90230,validation
hf-90236,test
hf-90244,train
hf-90248,train
hf-9025,test
hf-90260,train
hf-90268,train
hf-90272,test
hf-90278,train
hf-90282,test
hf-90286,train
hf-90292,train
hf-9030,train
hf-90316,train
hf-90321,test
hf-90343,train
hf-90347,validation
hf-90351,train
hf-90379,train
hf-90383,train
hf-90395,validation
hf-9043,test
hf-90449,train
hf-90472,train
hf-9049,train
hf-90491,test
hf-90495,validation
hf-90498,validation
hf-90504,validation
hf-90506,test
hf-90510,validation
hf-90522,test
hf-90544,test
hf-90560,train
hf-90564,test
hf-90565,validation
hf-90568,train
hf-90576,train
hf-90577,train
hf-90585,test
hf-9061,train
hf-90625,validation
hf-90633,train
hf-90640,validation
hf-90651,train
hf-90657,test
hf-90664,train
hf-90682,test
hf-90690,train
hf-90705,validation
hf-90708,train
hf-90717,train
hf-90721,train
hf-90727,train
hf-90743,train
hf-90762,train
hf-90763,train
hf-90775,train
hf-90784,train
hf-90796,test
hf-90805,validation
hf-9083,train
hf-90835,train
hf-90837,train
hf-90838,train
hf-90843,train
hf-90857,validation
hf-90859,train
hf-90863,train
hf-90866,train
hf-90878,train
hf-90879,test
hf-90918,validation
hf-90922,validation
hf-90935,train
hf-90937,test
hf-90946,train
hf-90956,train
hf-90962,train
hf-90967,train
hf-90968,test
hf-90973,train
hf-90975,train
hf-90982,train
hf-90985,train
hf-91009,validation
hf-91015,test
hf-91025,train
hf-91033,train
hf-91045,train
hf-91054,train
hf-91057,test
hf-91058,validation
hf-9108,test
hf-91095,train
hf-91097,train
hf-91100,train
hf-91107,validation
hf-91111,train
hf-91112,train
hf-91121,test
hf-91143,train
hf-91145,test
hf-91167,test
hf-91181,train
hf-91189,train
hf-91196,test
hf-91216,test
hf-91224,train
hf-9123,train
hf-91232,test
hf-91239,test
hf-91241,train
hf-91243,test
hf-91249,train
hf-91255,train
hf-91262,train
hf-91273,test
hf-91281,train
hf-91324,test
hf-91325,train
hf-91327,train
hf-91328,train
hf-91330,train
hf-91346,train
hf-91357,test
hf-91368,validation
hf-91380,validation
hf-91381,train
hf-91382,validation
hf-91384,validation
hf-91390,validation
hf-91394,train
hf-9140,train
hf-91400,validation
hf-91407,train
hf-91420,train
hf-91422,validation
hf-91428,train
hf-91430,test
hf-91434,test
hf-91448,train
hf-91454,validation
hf-91476,validation
hf-91511,validation
hf-91522,train
hf-91525,train
hf-91527,test
hf-91532,validation
hf-91533,validation
hf-91537,train
hf-91538,train
hf-9155,validation
hf-91551,train
hf-91553,train
hf-91557,train
hf-91568,train
hf-91571,test
hf-91585,train
hf-91587,validation
hf-9159,train
hf-91604,test
hf-91607,validation
hf-9161,train
hf-91612,train
hf-91614,test
hf-91620,train
hf-9164,test
hf-91640,train
hf-91643,test
hf-91683,train
hf-91690,test
hf-91709,validation
hf-91711,test
hf-9175,train
hf-91759,train
hf-91773,validation
hf-91798,train
hf-91813,train
hf-91841,train
hf-91853,train
hf-91884,validation
hf-91888,train
hf-91891,train
hf-91896,train
hf-91925,train
hf-91929,train
hf-9194,test
hf-91944,train
hf-91945,train
hf-91946,train
hf-91954,test
hf-91960,validation
hf-9197,train
hf-91977,test
hf-91987,train
hf-91989,test
hf-9199,train
hf-91994,train
hf-91997,test
hf-920,test
hf-92001,test
hf-92005,train
hf-92009,test
hf-92012,train
hf-92016,train
hf-92027,validation
hf-92047,train
hf-92063,train
hf-92076,train
hf-92079,train
hf-92083,train
hf-92084,train
hf-92090,train
hf-92106,train
hf-92121,train
hf-92128,train
hf-92141,train
hf-92157,train
hf-92165,validation
hf-92174,validation
hf-92179,train
hf-92184,train
hf-9220,train
hf-92203,train
hf-92223,train
hf-92240,train
hf-92268,train
hf-92319,train
hf-92322,validation
hf-92328,train
hf-92330,test
hf-92365,test
hf-92371,test
hf-92372,train
hf-92396,train
hf-92400,test
hf-92406,test
hf-92426,train
hf-92431,validation
hf-92432,train
hf-92436,train
hf-92437,train
hf-92443,train
hf-92445,test
hf-92467,validation
hf-92479,validation
hf-92488,validation
hf-92489,test
hf-92496,train
hf-92499,train
hf-92522,train
hf-9253,train
hf-92537,validation
hf-9254,train
hf-92545,validation
hf-92559,validation
hf-92570,train
hf-92571,train
hf-92573,test
hf-92596,train
hf-926,train
hf-92607,train
hf-9261,train
hf-92623,train
hf-92624,validation
hf-9264,test
hf-92641,validation
hf-92649,train
hf-92667,validation
hf-92671,train
hf-92695,train
hf-92702,test
hf-92722,train
hf-92725,train
hf-92727,train
hf-92739,test
hf-92753,train
hf-92755,train
hf-92763,train
hf-92764,validation
hf-92779,train
hf-92809,train
hf-9284,train
hf-92844,train
hf-92848,train
hf-9286,train
hf-92864,train
hf-92874,train
hf-92883,train
hf-92887,train
hf-92895,train
hf-92916,train
hf-9293,train
hf-92940,train
hf-92952,validation
hf-92954,validation
hf-92981,validation
hf-92987,test
hf-92999,train
hf-93001,train
hf-93008,train
hf-93016,train
hf-93051,train
hf-93072,validation
hf-93085,train
hf-93097,test
hf-93118,train
hf-9312,train
hf-93122,test
hf-93127,train
hf-93133,train
hf-93135,train
hf-93141,train
hf-93162,train
hf-93164,train
hf-93169,test
hf-93175,validation
hf-9318,train
hf-93189,test
hf-93215,train
hf-93229,test
hf-93242,validation
hf-93254,train
hf-93260,validation
hf-93269,train
hf-93291,train
hf-9330,validation
hf-93300,test
hf-93311,train
hf-93321,train
hf-93326,train
hf-93329,train
hf-93369,train
hf-9339,train
hf-93404,validation
hf-93409,test
hf-9341,train
hf-93418,train
hf-9342,train
hf-93422,train
hf-93428,test
hf-93433,train
hf-93443,validation
hf-93454,test
hf-93466,validation
hf-93468,test
hf-93474,train
hf-93478,train
hf-93481,test
hf-93493,test
hf-93496,train
hf-93504,train
hf-93518,train
hf-93520,train
hf-93523,train
hf-93528,test
hf-93529,train
hf-93545,train
hf-9355,validation
hf-93552,test
hf-9358,train
hf-93586,train
hf-93597,validation
hf-936,test
hf-93613,train
hf-93644,test
hf-93648,validation
hf-93670,train
hf-93674,train
hf-93682,train
hf-93691,train
hf-93697,train
hf-93708,train
hf-93713,test
hf-93714,test
hf-93721,train
hf-93732,train
hf-93743,validation
hf-93749,test
hf-9378,train
hf-93782,train
hf-93786,train
hf-93798,validation
hf-93821,train
hf-93825,train
hf-93826,train
hf-93829,train
hf-93834,validation
hf-93836,validation
hf-93854,test
hf-93862,validation
hf-93863,test
hf-93865,train
hf-93867,test
hf-93887,train
hf-93889,train
hf-93914,train
hf-93916,train
hf-9392,test
hf-93922,train
hf-93928,train
hf-93951,train
hf-9397,train
hf-93974,validation
hf-94017,train
hf-94027,validation
hf-94029,train
hf-94037,train
hf-9405,validation
hf-94051,validation
hf-94066,test
hf-94071,train
hf-94081,test
hf-94090,train
hf-94100,train
hf-94129,test
hf-94140,train
hf-94144,train
hf-94150,train
hf-94158,train
hf-94187,test
hf-9419,validation
hf-94191,validation
hf-94196,train
hf-94222,train
hf-94226,validation
hf-94236,validation
hf-94252,validation
hf-94256,validation
hf-94295,train
hf-94299,validation
hf-94319,train
hf-94321,validation
hf-94324,validation
hf-94336,validation
hf-9434,validation
hf-94348,train
hf-94353,train
hf-94364,train
hf-94400,train
hf-94402,validation
hf-94415,train
hf-94420,train
hf-94421,train
hf-94432,train
hf-94433,train
hf-94434,validation
hf-94435,validation
hf-9447,train
hf-94470,validation
hf-94478,train
hf-94482,train
hf-94488,test
hf-94494,test
hf-94496,train
hf-94506,train
hf-94515,test
hf-9454,validation
hf-94540,train
hf-94553,validation
hf-94560,train
hf-94564,train
hf-94572,train
hf-94586,train
hf-9459,train
hf-94590,train
hf-94591,train
hf-94598,train
hf-94608,test
hf-94610,train
hf-94613,validation
hf-94624,validation
hf-94625,validation
hf-9463,train
hf-94639,train
hf-94640,train
hf-94643,test
hf-94649,train
hf-94658,test
hf-94670,train
hf-94671,train
hf-94679,train
hf-9469,train
hf-947,train
hf-94701,test
hf-94719,train
hf-94723,train
hf-94724,train
hf-94726,train
hf-9473,validation
hf-94760,train
hf-94769,train
hf-94778,validation
hf-94798,validation
hf-94807,train
hf-94821,test
hf-94871,train
hf-94894,train
hf-94895,validation
hf-949,train
hf-9490,train
hf-9492,train
hf-94921,train
hf-94937,train
hf-94948,train
hf-94959,validation
hf-94961,test
hf-9497,test
hf-94977,train
hf-94988,test
hf-94989,train
hf-94997,train
hf-95000,train
hf-95005,train
hf-9502,train
hf-95034,test
hf-95044,train
hf-95048,train
hf-95049,train
hf-95055,train
hf-95062,validation
hf-95068,train
hf-95100,validation
hf-95101,train
hf-95111,validation
hf-95125,test
hf-95133,train
hf-95138,train
hf-95145,train
hf-95152,train
hf-95171,train
hf-95189,test
hf-95198,validation
hf-9520,test
hf-95203,train
hf-95206,train
hf-95212,train
hf-95238,validation
hf-95245,validation
hf-95247,train
hf-95248,validation
hf-95261,test
hf-95271,train
hf-95284,train
hf-95292,train
hf-95308,validation
hf-95309,validation
hf-95312,train
hf-95316,train
hf-95326,test
hf-95329,train
hf-95339,test
hf-95343,train
hf-95360,test
hf-95371,train
hf-95383,train
hf-95389,train
hf-95392,test
hf-95393,train
hf-95406,train
hf-95412,train
hf-95422,train
hf-95426,train
hf-95439,train
hf-95454,train
hf-95465,train
hf-95472,train
hf-95487,validation
hf-95501,validation
hf-95512,validation
hf-95528,test
hf-95531,validation
hf-95532,train
hf-95538,train
hf-9555,train
hf-95551,train
hf-95558,train
hf-95563,validation
hf-95569,train
hf-95571,train
hf-95576,train
hf-9558,train
hf-95589,train
hf-95591,train
hf-95594,test
hf-95603,train
hf-95611,train
hf-95612,train
hf-95613,validation
hf-95618,test
hf-95637,test
hf-95641,test
hf-95657,train
hf-95659,test
hf-95669,train
hf-95675,validation
hf-9568,train
hf-95694,test
hf-9570,test
hf-95701,train
hf-95718,train
hf-95724,validation
hf-95744,train
hf-9575,train
hf-95750,train
hf-95768,train
hf-95771,train
hf-95776,validation
hf-95784,validation
hf-95795,train
hf-9581,train
hf-95812,validation
hf-95817,validation
hf-9582,train
hf-95845,train
hf-95864,train
hf-95886,test
hf-95890,train
hf-95899,train
hf-95913,test
hf-95918,test
hf-95921,train
hf-95924,train
hf-95938,validation
hf-95939,validation
hf-95955,train
hf-95964,train
hf-96014,validation
hf-96021,train
hf-96026,train
hf-96035,test
hf-96041,test
hf-96042,test
hf-96063,train
hf-96066,train
hf-96073,test
hf-96079,train
hf-96097,test
hf-96121,test
hf-96125,train
hf-96141,test
hf-96143,validation
hf-96146,test
hf-96147,validation
hf-96153,train
hf-96163,train
hf-96164,train
hf-96167,train
hf-96174,train
hf-96185,train
hf-96199,train
hf-96209,train
hf-96211,test
hf-96213,train
hf-96218,test
hf-96229,test
hf-96261,test
hf-96275,validation
hf-96278,train
hf-96281,train
hf-96286,validation
hf-96289,train
hf-96290,train
hf-96303,train
hf-96319,train
hf-96329,train
hf-96333,train
hf-96338,train
hf-96344,train
hf-96355,validation
hf-96372,train
hf-96388,validation
hf-964,validation
hf-96401,train
hf-96406,train
hf-96411,train
hf-96414,train
hf-96416,train
hf-96435,train
hf-96449,train
hf-96450,train
hf-96452,validation
hf-96474,validation
hf-96482,validation
hf-96500,train
hf-96507,train
hf-96508,train
hf-96511,test
hf-96514,train
hf-96521,test
hf-96531,test
hf-96532,test
hf-96533,train
hf-9654,train
hf-96540,test
hf-9655,train
hf-96559,train
hf-96562,test
hf-96570,train
hf-9659,validation
hf-96613,test
hf-96632,train
hf-96649,train
hf-96671,train
hf-96672,test
hf-96690,train
hf-96719,train
hf-96728,train
hf-96729,test
hf-96770,train
hf-96772,validation
hf-96776,train
hf-96779,train
hf-96787,validation
hf-9680,validation
hf-96812,test
hf-96814,train
hf-96818,train
hf-9683,train
hf-96834,test
hf-96843,train
hf-96858,validation
hf-96861,test
hf-96874,validation
hf-96886,train
hf-96890,train
hf-96892,test
hf-96895,train
hf-96899,test
hf-9690,train
hf-96900,validation
hf-96904,train
hf-96905,train
hf-96919,train
hf-96930,train
hf-96939,test
hf-96955,train
hf-96962,test
hf-96966,train
hf-96982,train
hf-96991,train
hf-96995,train
hf-97029,train
hf-97042,validation
hf-97049,train
hf-97060,train
hf-97083,train
hf-9709,test
hf-97098,train
hf-97103,train
hf-97108,train
hf-97110,test
hf-97117,train
hf-9712,train
hf-97122,train
hf-97130,validation
hf-97133,validation
hf-97150,test
hf-97172,train
hf-97175,validation
hf-97178,validation
hf-97183,train
hf-97188,train
hf-97190,validation
hf-97206,train
hf-97208,train
hf-97222,train
hf-97231,train
hf-97234,train
hf-97235,validation
hf-9724,test
hf-97242,train
hf-97247,train
hf-97254,train
hf-97265,train
hf-97279,train
hf-97283,train
hf-97284,train
hf-97309,test
hf-97315,train
hf-9732,train
hf-97322,train
hf-97326,validation
hf-97338,validation
hf-97344,validation
hf-97351,train
hf-97352,train
hf-97375,train
hf-97387,test
hf-97389,train
hf-97394,test
hf-97414,train
hf-97419,train
hf-97435,validation
hf-97452,test
hf-97455,test
hf-9746,test
hf-97464,train
hf-97471,test
hf-97486,train
hf-97496,train
hf-97503,train
hf-97513,train
hf-97523,validation
hf-97534,train
hf-97542,train
hf-97554,train
hf-97577,train
hf-97578,train
hf-9758,train
hf-97589,train
hf-97594,train
hf-9760,train
hf-9761,train
hf-97614,test
hf-97618,train
hf-97623,train
hf-97627,train
hf-97635,train
hf-97636,train
hf-97643,train
hf-97651,train
hf-97667,train
hf-97668,validation
hf-97671,validation
hf-97684,train
hf-97697,train
hf-97698,train
hf-97701,train
hf-9771,train
hf-97710,train
hf-97716,train
hf-97717,test
hf-97718,train
hf-97728,train
hf-97767,test
hf-97768,validation
hf-97780,test
hf-97788,train
hf-97796,train
hf-97827,validation
hf-97833,train
hf-97840,train
hf-97845,validation
hf-97847,validation
hf-9786,train
hf-97861,train
hf-97866,train
hf-9787,train
hf-97885,train
hf-9789,test
hf-97897,test
hf-97914,train
hf-97921,train
hf-97922,train
hf-97924,train
hf-97931,test
hf-9794,train
hf-97969,test
hf-97982,train
hf-97991,train
hf-98005,train
hf-98006,validation
hf-9801,train
hf-98010,validation
hf-98011,train
hf-98012,train
hf-98020,test
hf-98037,train
hf-98051,test
hf-98052,train
hf-98061,validation
hf-98071,train
hf-98083,test
hf-98088,validation
hf-98089,train
hf-98097,train
hf-98099,train
hf-98109,validation
hf-98158,train
hf-98177,train
hf-9818,test
hf-98181,validation
hf-98185,train
hf-98193,test
hf-98199,train
hf-98201,train
hf-98214,validation
hf-98231,train
hf-98239,train
hf-98275,train
hf-9828,train
hf-98303,train
hf-98308,train
hf-98322,train
hf-98324,validation
hf-9833,test
hf-98351,train
hf-98359,validation
hf-9836,train
hf-98387,train
hf-98392,train
hf-98404,validation
hf-98406,test
hf-98430,train
hf-98434,train
hf-98437,train
hf-98439,train
hf-98452,train
hf-98470,train
hf-9848,validation
hf-98493,train
hf-98508,train
hf-98523,train
hf-98530,train
hf-98533,validation
hf-98536,validation
hf-98540,test
hf-98545,validation
hf-98555,train
hf-98556,test
hf-98571,train
hf-98572,validation
hf-98588,train
hf-98594,train
hf-98597,train
hf-98598,train
hf-98611,train
hf-98615,train
hf-98624,train
hf-98625,validation
hf-98626,train
hf-98640,train
hf-98647,test
hf-98652,train
hf-98669,train
hf-98682,train
hf-9869,train
hf-9870,train
hf-98718,test
hf-98730,validation
hf-98739,validation
hf-98741,validation
hf-98745,test
hf-98762,train
hf-98763,validation
hf-98779,train
hf-98784,train
hf-98787,train
hf-98801,train
hf-98818,validation
hf-9882,train
hf-98837,train
hf-98839,train
hf-98847,test
hf-98850,validation
hf-98852,train
hf-9887,train
hf-98904,train
hf-98916,validation
hf-98918,test
hf-98923,train
hf-98927,train
hf-98928,train
hf-98929,validation
hf-98940,train
hf-98961,test
hf-98963,test
hf-9898,train
hf-98993,train
hf-98995,train
hf-98997,train
hf-9900,train
hf-99003,validation
hf-9901,test
hf-99013,train
hf-99034,test
hf-9904,train
hf-99057,train
hf-99066,validation
hf-99078,train
hf-99079,test
hf-99092,train
hf-99093,validation
hf-99095,train
hf-99098,test
hf-99099,test
hf-99111,validation
hf-99112,validation
hf-99120,train
hf-99136,train
hf-99145,test
hf-99149,validation
hf-99154,validation
hf-99163,train
hf-99167,train
hf-99168,train
hf-99180,validation
hf-99183,train
hf-99188,train
hf-99191,train
hf-99202,train
hf-99221,train
hf-99223,train
hf-99224,train
hf-99254,train
hf-99270,test
hf-99286,train
hf-9929,test
hf-99296,train
hf-99298,train
hf-99316,train
hf-99324,train
hf-99336,test
hf-99344,validation
hf-99369,train
hf-99376,test
hf-9938,test
hf-99381,train
hf-99388,validation
hf-99396,train
hf-99419,train
hf-99425,validation
hf-99427,validation
hf-99432,test
hf-99439,train
hf-99441,train
hf-99458,train
hf-99461,train
hf-99470,test
hf-99472,test
hf-99493,test
hf-99497,train
hf-99534,train
hf-99535,train
hf-99539,train
hf-9954,train
hf-99540,train
hf-99555,train
hf-9956,train
hf-99563,train
hf-99577,validation
hf-99585,train
hf-99590,validation
hf-99599,train
hf-9960,validation
hf-99605,train
hf-99619,validation
hf-99632,train
hf-99636,train
hf-99649,validation
hf-99652,test
hf-99671,train
hf-99674,train
hf-99689,train
hf-9969,test
hf-99691,test
hf-99707,test
hf-99719,train
hf-99724,test
hf-99725,test
hf-99727,train
hf-99733,train
hf-99735,train
hf-99739,test
hf-99754,test
hf-99788,train
hf-99792,train
hf-99805,validation
hf-99811,test
hf-99829,train
hf-99833,validation
hf-99834,train
hf-99840,train
hf-99844,train
hf-9985,train
hf-99850,test
hf-99861,train
hf-99864,train
hf-99871,train
hf-99874,train
hf-9988,train
hf-99888,validation
hf-9989,train
hf-99893,train
hf-99895,train
hf-99897,test
hf-99899,validation
hf-99911,train
hf-99917,validation
hf-99928,train
hf-99930,train
hf-99946,train
hf-99952,train
hf-9997,validation
hf-99998,train
hf-99999,train
